IMO#,NAME,TYPE,GT,LDT,BUILT,FLAG,FLAG PRIOR LAST VOYAGE,BENEFICIAL OWNER,BO COUNTRY,COMMERCIAL OPERATOR,REGISTERED OWNER,RO COUNTRY,PLACE,COUNTRY,ARRIVAL ,Unnamed: 16,"*The data gathered by the NGO Shipbreaking Platform is sourced from different outlets and stakeholders, and is cross-checked whenever possible.
The data upon which this information is based is correct to the best of the Platform’s knowledge, and the Platform takes no responsibility for the accuracy of the information provided. 
The Platform will correct or complete data if any inaccuracy is signaled. All data which has been provided is publicly available and does not reveal any confidential business information."
6922262.0,SEA NASS,General Cargo Ship,1603.0,697.0,1969.0,Bahrain,,United Cement Co WLL,Bahrain,United Cement Co WLL,United Cement Co WLL,Bahrain,Alang,India,2024-11-01,,
9072226.0,JAHAN BROTHERS,Bulk Carrier,25899.0,8032.0,1994.0,Bangladesh,,Kabir Steel Re-Rolling Mills,Bangladesh,Brave Royal Ship Management,Maa Shipping Pvt Ltd,Bangladesh,Chittagong,Bangladesh,2024-02-01,,
9159438.0,KHADEEJAH JAHAN,Bulk Carrier,25074.0,6994.0,1997.0,Bangladesh,,Kabir Steel Re-Rolling Mills,Bangladesh,Brave Royal Ship Management,SR Shipping Ltd,Bangladesh,Chittagong,Bangladesh,2024-06-01,,
7924322.0,YAZ,General Cargo Ship,2023.0,1600.0,1981.0,Sierra Leone,,Farah Shipping Ltd,Belize,Farah Shipping Ltd,Farah Shipping Ltd,Belize,Aliaga,Turkey,2024-07-01,,
8101628.0,SOGDIANA,General Cargo Ship,1923.0,0.0,1982.0,Cameroon,,Boyd Lines Ltd,Belize,Boyd Lines Ltd,Boyd Lines Ltd,Belize,Aliaga,Turkey,2024-11-01,,
7380629.0,LEO,"FPSO, Oil",71176.0,23590.0,1975.0,St Kitts & Nevis,Singapore,BW Offshore Ltd,Bermuda,BW Offshore Holdings Pte Ltd,Tinworth Pte Ltd,Singapore,Alang,India,2024-04-01,,
8754059.0,A STAR,"Drilling Rig, semi Submersible",12727.0,14856.0,1983.0,St Kitts & Nevis,Liberia,Queiroz Galvao SA,Brazil,Petroleo Constellation SA,Olinda Star Ltd,British Virgin Islands,Alang,India,2024-11-01,,
8753378.0,KING MAKER,"Production Platform, semi submersible",8345.0,8800.0,1973.0,Panama,,Petroserv SA,Brazil,Petroserv SA,Petro Rio O&G Exploracao,Brazil,Aliaga,Turkey,2024-02-01,,
7711737.0,ALGOMA TRANSPORT,"Bulk Carrier, Self-discharging, Laker",23399.0,9148.0,1979.0,Canada,,Algoma Central Corp,Canada,Algoma Central Corp,Algoma Central Corp,Canada,Port Colborne,Canada,2024-01-01,,
7310260.0,ANCIER,Passenger/Ro-Ro Ship (Vehicles),11481.0,6283.0,1973.0,St Kitts & Nevis,Canada,CTMA,Canada,CTMA,Madeleine Navigation Inc,CTMA,Alang,India,2024-02-01,,
9197351.0,MAPOCHO,Container Ship (Fully Cellular),16986.0,7297.0,1999.0,Germany,,CSAV,Chile,Hapag-Lloyd AG,CSAV Austral SpA,Chile,Aliaga,Turkey,2024-03-01,,
9105463.0,JIN HAI XI,Bulk Carrier,17057.0,5973.0,1995.0,Sierra Leone,China,Fujian Communication Trans,China,Fujian Communication Trans,Fujian Communication Trans,China,Chittagong,Bangladesh,2024-01-01,,
9077288.0,GUANGZHOU,Container Ship (Fully Cellular),22738.0,8895.0,1994.0,Palau,China,Trawind Shipping Logistics,China,Trawind Shipping Logistics,Dalian Trawind Shipping Co Ltd,China,Chittagong,Bangladesh,2024-01-01,,
9032692.0,XIN XIANG AN,Bulk Carrier,13907.0,5113.0,1992.0,Sierra Leone,China,Yangpu Zhehai Shipping Co,China,Shanghai Yang Pu Zhe Hai Shpg,Shanghai Yang Pu Zhe Hai Shpg,China,Chittagong,Bangladesh,2024-02-01,,
9413509.0,FAR EAST CHEER,Container Ship (Fully Cellular),6253.0,3651.0,2007.0,Sierra Leone,Hong Kong,China United Lines Ltd,China,Hongxin Ship Management Ltd,Far East Cheer Shipping Co Ltd,Hong Kong,Chittagong,Bangladesh,2024-03-01,,
9102734.0,HONG YUAN 01,Container Ship (Fully Cellular),29181.0,11481.0,1996.0,Gabon,China,Shanghai Xunyuan Shipping Co,China,Shanghai Xunyuan Shipping Co,Shanghai Xunyuan Shipping Co,China,Chittagong,Bangladesh,2024-03-01,,
8981781.0,HONG YUN YOU 19,Products Tanker,3856.0,2580.0,1999.0,Gabon,China,Nanjing Hongyu Shipping Ltd,China,Nanjing Hongyu Shipping Ltd,Nanjing Hongyu Shipping Ltd,China,Chittagong,Bangladesh,2024-03-01,,
8223476.0,LU ZHOU,Products Tanker,1357.0,966.0,1983.0,Sierra Leone,Palau,Mei Zi Ma,China,Sino Port Da You Shipping Co,Sino Port Da You Shipping Co,Hong Kong,Chittagong,Bangladesh,2024-04-01,,
9094418.0,XIN RUN 66,Products Tanker,3807.0,2908.0,2004.0,Gabon,China,Zhejiang Guomao Group Co Ltd,China,Zhoushan Xincheng Yifengrun,Zhoushan Xincheng Yifengrun,China,Chittagong,Bangladesh,2024-04-01,,
9085572.0,YAMTA,Bulk Carrier,16721.0,6003.0,1994.0,Palau,Hong Kong,Shenzhen Shekou Shpg & Trans,China,Shenzhen Shekou Shpg & Trans,Shenzhen Shekou Shpg & Trans,China,Chittagong,Bangladesh,2024-04-01,,
9175432.0,LIAN FENG 6,General Cargo Ship,15589.0,6537.0,1999.0,Gabon,China,China COSCO Shipping Corp Ltd,China,COSCO Shipping Specialized-CHR,COSCO Shipping Specialized-CHR,China,Chittagong,Bangladesh,2024-04-01,,
1060007.0,HONG XI,General Cargo Ship,7654.0,3621.0,2008.0,Palau,China,Fangchenggang Zhongxing Shpg,China,Fangchenggang Zhongxing Shpg,Fangchenggang Zhongxing Shpg,China,Chittagong,Bangladesh,2024-05-01,,
9142007.0,XIN LV BAO SHI,Bulk Carrier,25933.0,7957.0,1996.0,Sierra Leone,China,Fujian Xiamen Shipping Co Ltd,China,Fujian Xiamen Shipping Co Ltd,Fujian Xiamen Shipping Co Ltd,China,Chittagong,Bangladesh,2024-05-01,,
1046922.0,BAO DI LONG 8,General Cargo Ship,7142.0,3133.0,2006.0,Sierra Leone,China,Gu QW,China,Gu QW,Gu QW,China,Chittagong,Bangladesh,2024-05-01,,
9086215.0,HAN JI 2,Platform Supply Ship,2961.0,2126.0,1995.0,Sierra Leone,Unknown,Xingshun Shipping Co Ltd,China,Xingshun Shipping Co Ltd,Xingshun Shipping Co Ltd,China,Chittagong,Bangladesh,2024-05-01,,
8126848.0,DONG FANG YONG SHI 2,Anchor Handling Tug Supply,1672.0,0.0,1983.0,Panama,,Sinopec Offshore Oilfield Serv,China,Sinopec Offshore Oilfield Serv,Sinopec Offshore Oilfield Serv,China,Chittagong,Bangladesh,2024-05-01,,
9122306.0,NAGA 2,Container Ship (Fully Cellular),4914.0,2453.0,1996.0,Comoros,Hong Kong,Fujian Xinan Shipping Co Ltd,China,Fujian Xinan Shipping Co Ltd,Fujian Xinan Shipping Co Ltd,China,Chittagong,Bangladesh,2024-05-01,,
9203875.0,JI HAI ZHONG SHAN,Container Ship (Fully Cellular),3772.0,2175.0,1998.0,Gabon,China,SIPG Changjiang Port Logistics,China,Shanghai Jihai Shipping Co Ltd,Shanghai Jihai Shipping Co Ltd,China,Chittagong,Bangladesh,2024-05-01,,
1061403.0,BEI FANG MING ZHU,General Cargo Ship,12799.0,5776.0,2013.0,China,,Guangxi Evergreen Shipping,China,Guangxi Evergreen Shipping,Guangxi Evergreen Shipping,China,Chittagong,Bangladesh,2024-05-01,,
1064467.0,HAI SHUN FENG 8,General Cargo Ship,6476.0,3402.0,2004.0,Gabon,China,Xiamen Haishunfeng Shipping Co,China,Xiamen Haishunfeng Shipping Co,Xiamen Haishunfeng Shipping Co,China,Chittagong,Bangladesh,2024-05-01,,
1060904.0,ZHONG HONG DA 1,Container Ship (Fully Cellular),8911.0,3981.0,2006.0,Sierra Leone,China,Hainan Zhongda Shipping,China,Hainan Zhongda Shipping,Hainan Zhongda Shipping,China,Chittagong,Bangladesh,2024-05-01,,
1066087.0,XIN HAO JIANG 206,Bulk Carrier,7719.0,3328.0,2008.0,Gabon,China,Maoming Haojiang Shipping Co,China,Maoming Haojiang Shipping Co,Maoming Haojiang Shipping Co,China,Chittagong,Bangladesh,2024-06-01,,
8876431.0,KAI 1,Container Ship (Fully Cellular),4879.0,2404.0,1994.0,China,,China Fujian Foreign Trade,China,Fujian Xinan Shipping Co Ltd,Fujian Foreign Trade Centre,China,Chittagong,Bangladesh,2024-06-01,,
1067067.0,YUN TAI LONG 66,General Cargo Ship,4534.0,2091.0,2005.0,Gabon,China,Xiamen Yuntailong Shipping Co,China,Xiamen Yuntailong Shipping Co,Xiamen Yuntailong Shipping Co,China,Chittagong,Bangladesh,2024-06-01,,
9146845.0,XING TONG 313,LPG Tanker,2203.0,1909.0,1996.0,Gabon,China,Shanghai Huachen Shpg Co Ltd,China,Shanghai Huachen Shpg Co Ltd,Shanghai Huachen Shpg Co Ltd,China,Chittagong,Bangladesh,2024-06-01,,
1062665.0,XIANG,Aggregates Carrier,7006.0,3947.0,2020.0,St Kitts & Nevis,China,Lin KH,China,Lin KH,Lin KH,China,Chittagong,Bangladesh,2024-07-01,,
9335214.0,EVER EXPRESS,General Cargo Ship,2556.0,1377.0,2004.0,Panama,,Sea Carrier Shipping Co Ltd,China,Seiyo Express Co Ltd,Seiyo Star Co Ltd,Marshall Islands,Chittagong,Bangladesh,2024-07-01,,
1067691.0,YUN SHUO 7,General Cargo Ship,7459.0,3399.0,2008.0,Sierra Leone,China,Fujian Hongshuo Shipping Co,China,Fujian Hongshuo Shipping Co,Fujian Hongshuo Shipping Co,China,Chittagong,Bangladesh,2024-07-01,,
1073406.0,TAI 97,Bulk Carrier,8333.0,3232.0,2009.0,Gabon,China,Xiamen Hong Tai Shipping Co,China,Xiamen Hong Tai Shipping Co,Xiamen Hong Tai Shipping Co,China,Chittagong,Bangladesh,2024-07-01,,
8907888.0,AN TON,Refrigerated Cargo Ship,9070.0,5111.0,1990.0,Comoros,Cameroon,China Govt,China,Hai Ling Shipping Hong Kong,Hai Ling Shipping Hong Kong,China,Chittagong,Bangladesh,2024-07-01,,
1074620.0,MING JIN 1,Bulk Carrier,6927.0,3278.0,2006.0,Sierra Leone,China,Ni YG,China,Ni YG,Ni YG,China,Chittagong,Bangladesh,2024-08-01,,
1073365.0,HAI 351,Bulk Carrier,9984.0,4352.0,2005.0,Gabon,China,Anhui Yunhai Shipping Co Ltd,China,Anhui Yunhai Shipping Co Ltd,Anhui Yunhai Shipping Co Ltd,China,Chittagong,Bangladesh,2024-08-01,,
8661745.0,ZHAO 11,General Cargo Ship,6507.0,2889.0,2005.0,Gabon,China,Zhoushan Jinyu Shpg Dev Co,China,Zhoushan Jinyu Shpg Dev Co,Zhoushan Jinyu Shpg Dev Co,China,Chittagong,Bangladesh,2024-08-01,,
1067287.0,HONG DA XIN 7,General Cargo Ship,10346.0,4296.0,2008.0,Gabon,China,Shanghai Ronghe Dianke Leasing,China,Shanghai Ronghe Dianke Leasing,Shanghai Ronghe Dianke Leasing,China,Chittagong,Bangladesh,2024-08-01,,
9030632.0,SU ZHOU HAO,Passenger/Ro-Ro Ship (Vehicles),14410.0,5903.0,1992.0,St Kitts & Nevis,China,China COSCO Shipping Corp Ltd,China,China-Japan Intl Ferry Co Ltd,China-Japan Intl Ferry Co Ltd,China,Chittagong,Bangladesh,2024-08-01,,
9070785.0,SHUN DA FA ZHAN,Bulk Carrier,25498.0,7809.0,1994.0,St Kitts & Nevis,China,Taizhou Gia Shipping Co Ltd,China,Taizhou Gia Shipping Co Ltd,Jiahang Shpg/Yuguang/He JF,China,Chittagong,Bangladesh,2024-09-01,,
9353400.0,CHANG FEI HAI,General Cargo Ship,6487.0,2943.0,2005.0,Gabon,China,Changjiang National Shipping,China,Changjiang Transportation Tech,Changjiang Transportation Tech,China,Chittagong,Bangladesh,2024-11-01,,
1086843.0,YUN DA HAI,General Cargo Ship,6339.0,2881.0,2005.0,Gabon,China,Hubei Sinotrans Bulk Cargo,China,Hubei Sinotrans Bulk Cargo,Hubei Sinotrans Bulk Cargo,China,Chittagong,Bangladesh,2024-11-01,,
1077189.0,CHUN CHAO 9,General Cargo Ship,6071.0,2736.0,2006.0,Gabon,China,Fujian Chunchao Shipping Co Lt,China,Fujian Chunchao Shipping Co Lt,Fujian Chunchao Shipping Co Lt,China,Chittagong,Bangladesh,2024-11-01,,
9066708.0,NING HUA,Bulk Carrier,36557.0,9713.0,1993.0,St Kitts & Nevis,China,China Shenhua Energy Co Ltd,China,Guoneng Yuanhai Shpg Tianjin,Guoneng Yuanhai Shpg Tianjin,China,Chittagong,Bangladesh,2024-11-01,,
8882911.0,MING YUE,General Cargo Ship,2453.0,0.0,1994.0,China,,Donggang Development Zone,China,Dandong Marine Shipping Co Ltd,Donggang Development Zone,China,Jiangyin,China,2024-02-01,,
8775986.0,HAN YI 3,Fishing Vessel,616.0,0.0,2001.0,China,,Zhoushan Hanyi Deep-Sea,China,Zhoushan Hanyi Deep-Sea,Zhoushan Hanyi Deep-Sea,China,Zhoushan,China,2024-03-01,,
9072757.0,YU TIAN NO. 6,LPG Tanker,1377.0,0.0,1993.0,China,,Guangxi Zhenghai Shipping Co,China,Guangxi Zhenghai Shipping Co,Guangxi Zhenghai Shipping Co,China,Xinhui,China,2024-06-01,,
8797855.0,LU RONG YUAN YU 107,Fishing Vessel,651.0,0.0,2013.0,China,,Shandong Lanyue Ocean Fishery,China,Shandong Lanyue Ocean Fishery,Shandong Lanyue Ocean Fishery,China,Shidao,China,2024-07-01,,
8798093.0,LU RONG YUAN YU 810,Fishing Vessel,651.0,0.0,2013.0,China,,Shandong Lanyue Ocean Fishery,China,Shandong Lanyue Ocean Fishery,Shandong Lanyue Ocean Fishery,China,Shidao,China,2024-07-01,,
8798110.0,LU RONG YUAN YU 812,Fishing Vessel,648.0,0.0,2013.0,China,,Shandong Lanyue Ocean Fishery,China,Shandong Lanyue Ocean Fishery,Shandong Lanyue Ocean Fishery,China,Shidao,China,2024-07-01,,
8798134.0,LU RONG YUAN YU 813,Fishing Vessel,648.0,0.0,2013.0,China,,Shandong Lanyue Ocean Fishery,China,Shandong Lanyue Ocean Fishery,Shandong Lanyue Ocean Fishery,China,Shidao,China,2024-07-01,,
8798304.0,LU RONG YUAN YU 817,Fishing Vessel,651.0,0.0,2013.0,China,,Shandong Lanyue Ocean Fishery,China,Shandong Lanyue Ocean Fishery,Shandong Lanyue Ocean Fishery,China,Shidao,China,2024-07-01,,
8798328.0,LU RONG YUAN YU 112,Fishing Vessel,651.0,0.0,2013.0,China,,Shandong Lanyue Ocean Fishery,China,Shandong Lanyue Ocean Fishery,Shandong Lanyue Ocean Fishery,China,Shidao,China,2024-07-01,,
8798342.0,LU RONG YUAN YU 115,Fishing Vessel,651.0,0.0,2013.0,China,,Shandong Lanyue Ocean Fishery,China,Shandong Lanyue Ocean Fishery,Shandong Lanyue Ocean Fishery,China,Shidao,China,2024-07-01,,
8799372.0,LU RONG YUAN YU 118,Fishing Vessel,651.0,0.0,2013.0,China,,Shandong Lanyue Ocean Fishery,China,Shandong Lanyue Ocean Fishery,Shandong Lanyue Ocean Fishery,China,Shidao,China,2024-07-01,,
8799499.0,LU RONG YUAN YU 116,Fishing Vessel,651.0,0.0,2013.0,China,,Shandong Lanyue Ocean Fishery,China,Shandong Lanyue Ocean Fishery,Shandong Lanyue Ocean Fishery,China,Shidao,China,2024-07-01,,
8799504.0,LU RONG YUAN YU 117,Fishing Vessel,651.0,0.0,2013.0,China,,Shandong Lanyue Ocean Fishery,China,Shandong Lanyue Ocean Fishery,Shandong Lanyue Ocean Fishery,China,Shidao,China,2024-07-01,,
8799516.0,LU RONG YUAN YU 119,Fishing Vessel,651.0,0.0,2013.0,China,,Shandong Lanyue Ocean Fishery,China,Shandong Lanyue Ocean Fishery,Shandong Lanyue Ocean Fishery,China,Shidao,China,2024-07-01,,
8799528.0,LU RONG YUAN YU 120,Fishing Vessel,651.0,0.0,2013.0,China,,Shandong Lanyue Ocean Fishery,China,Shandong Lanyue Ocean Fishery,Shandong Lanyue Ocean Fishery,China,Shidao,China,2024-07-01,,
9175315.0,DONG JIANG XIANG,Bulk Carrier,39385.0,11584.0,1999.0,China,,Tianjin Changming Shpg Group,China,Tianjin Dongjiang Shpg Co Ltd,Tianjin Dongjiang Shpg Co Ltd,China,Xinhui,China,2024-09-01,,
8756629.0,TIAO ZHAN,"Production Platform, semi submersible",17537.0,16327.0,1975.0,Comoros,Liberia,China National Offshore Oil,China,China National Offshore Oil,CNOOC FPSO Holding Ltd,China,Alang,India,2024-05-01,,
1076422.0,YU HAI TO,Articulated Pusher Tug,1920.0,1721.0,2008.0,St Kitts & Nevis,China,Unknown,China,Unknown,Unknown,China,Alang,India,2024-10-01,,
1076410.0,HAI TUO,Articulated Pusher Tug,1920.0,1721.0,2007.0,St Kitts & Nevis,China,Unknown,China,Unknown,Unknown,China,Alang,India,2024-10-01,,
9045948.0,STAR,Refrigerated Cargo Ship,9829.0,5538.0,1992.0,St Kitts & Nevis,Panama,Lin C & Wu X,China,Zhoushan Ningtai Ocean Fish,Hong Kong Hoi Shun Import,Hong Kong,Alang,India,2024-11-01,,
9064798.0,HONG,Container Ship (Fully Cellular),28892.0,11618.0,1995.0,St Kitts & Nevis,China,Xiamen Port Shipping Co Ltd,China,Xiamen Port Shipping Co Ltd,Xiamen Port Shipping Co Ltd,China,Gadani,Pakistan,2024-01-01,,
9422574.0,FAR EAST GRACE,Container Ship (Fully Cellular),6253.0,3585.0,2007.0,Hong Kong,,China United Lines Ltd,China,Guangzhou Zhongrun Shipping Co,Guo Xiang Shippig Ltd,Hong Kong,Gadani,Pakistan,2024-07-01,,
1044297.0,YI CHENG 58,General Cargo Ship,8726.0,4301.0,2007.0,Gabon,China ,Xiamen Yichengda Shipping Co,China ,Xiamen Yichengda Shipping Co,Xiamen Yichengda Shipping Co,China ,Chittagong,Bangladesh,2024-01-01,,
7525463.0,SONG,Bulk Carrier,28561.0,11247.0,1977.0,Sierra Leone,China ,China Govt,China ,Tianjin Yuanhua Shipping Co,Tianjin Yuanhua Shipping Co,China ,Chittagong,Bangladesh,2024-01-01,,
9008536.0,JIN YUAN HE,Container Ship (Fully Cellular),16236.0,6710.0,1991.0,Gabon,,Fujian Zhonghang Shpg Co Ltd,China ,Fujian Zhonghang Shpg Co Ltd,Fujian Zhonghang Shpg Co Ltd,China ,Chittagong,Bangladesh,2024-01-01,,
1036795.0,LUFFY,General Cargo Ship,9474.0,4635.0,2007.0,St Kitts & Nevis,China,Lianyungang Hengrong Shipping,China ,Lianyungang Hengrong Shipping,Lianyungang Hengrong Shipping,China ,Chittagong,Bangladesh,2024-02-01,,
9112416.0,DONG FANG,Container Ship (Fully Cellular),4879.0,2395.0,1994.0,Sierra Leone,,New Century Shipping Hong Kong,China ,New Century Shipping Hong Kong,New Century Shipping Hong Kong,Hong Kong ,Chittagong,Bangladesh,2024-02-01,,
9071595.0,EZ FORTUNA,Bulk Carrier,24550.0,7371.0,1995.0,Panama,,Xu D,China ,EZ Shipping Ltd,EZ Shipping Ltd,Hong Kong ,Chittagong,Bangladesh,2024-03-01,,
9032707.0,XIN XIANG RUI,Bulk Carrier,13696.0,5119.0,1992.0,Sierra Leone,China ,Yangpu Zhehai Shipping Co,China ,Shanghai Yang Pu Zhe Hai Shpg,Shanghai Yang Pu Zhe Hai Shpg,China ,Chittagong,Bangladesh,2024-03-01,,
8618762.0,QING YUAN YU 012,Fishing Vessel,577.0,509.0,1987.0,China ,,Qingdao Furui Fisheries Co Ltd,China ,Qingdao Furui Fisheries Co Ltd,Qingdao Furui Fisheries Co Ltd,China ,Unknown,China ,2024-01-01,,
9049164.0,DE SHENG 9,General Cargo Ship,6997.0,0.0,1992.0,"China, People's Republic Of",,Xiamen Hong Tai Shipping Co,China ,Xiamen Hong Tai Shipping Co,Xiamen Hong Tai Shipping Co,China ,Unknown,China ,2024-01-01,,
8816156.0,ZE LENG,Refrigerated Cargo Ship,11658.0,7006.0,1991.0,St Kitts & Nevis,Panama,HongKong Shunze International,China ,Hong Kong Tian Cheng Intl Ship,HongKong Shunze International,Hong Kong ,Alang,India,2024-01-01,,
1042988.0,ZE SHENG,Aggregates Carrier,6693.0,3492.0,2017.0,St Kitts & Nevis,China ,Fujian Yidesheng Shipping Co,China ,Fujian Yidesheng Shipping Co,Fujian Yidesheng Shipping Co,China ,Alang,India,2024-01-01,,
9309514.0,G HARMONY,General Cargo Ship,24960.0,11312.0,2005.0,Panama,,Sea Star Ships Management,China ,Glory Ships Co Ltd,G Harmony Ltd,Marshall Islands,Gadani,Pakistan,2024-01-01,,
9150303.0,RONG DA CHANG SHA,General Cargo Ship,18207.0,9346.0,1998.0,Panama,,Rongtua Holding Pte Ltd,China ,RTA Changsha Ltd,RTA Changsha Ltd,Liberia,Gadani,Pakistan,2024-03-01,,
7032246.0,CARIBBEAN EXPRESS,General Cargo Ship,1880.0,0.0,1970.0,Colombia,,Howard & Cia S en CS,Colombia,Howard & Cia S en CS,Howard & Cia S en CS,Colombia,Unknown,Unknown,2024-04-01,,
8311118.0,ICE RIVER,Refrigerated Cargo Ship,12401.0,6984.0,1985.0,Bahamas,,Cool Carriers Ltd,Cyprus,Cool Carriers AB,Whisper Mariner Corp,Panama,Alang,India,2024-01-01,,
8313702.0,BONTRUP EMIRATES,General Cargo Ship (Open Hatch),28239.0,11722.0,1986.0,Bahamas,,GBSMT Ltd,Cyprus,SMT Shipping Cyprus Ltd,Aruba Pearl Shipping Co Ltd,Marshall Islands,Alang,India,2024-02-01,,
8408882.0,TROPICAL SKY,Refrigerated Cargo Ship,9749.0,5358.0,1986.0,Bahamas,,Acheon Akti Navigation Co Ltd,Cyprus,Acheon Akti Navigation Co Ltd,Mayfield Shipping Corp,Panama,Alang,India,2024-08-01,,
8311120.0,ICE RUNNER,Refrigerated Cargo Ship,12411.0,6974.0,1984.0,Bahamas,,Cool Carriers AB,Cyprus,Cool Carriers AB,Carpe Marine Group SA,Panama,Alang,India,2024-09-01,,
7397593.0,PILGRIM,Bucket Ladder Dredger,1496.0,1870.0,1975.0,Tanzania (Zanzibar),,Whiteform Contracts Ltd,Cyprus,Whiteform Contracts Ltd,Whiteform Contracts Ltd,Cyprus,Aliaga,Turkey,2024-05-01,,
7368970.0,SUSANITA,Fishing Vessel,516.0,0.0,1973.0,Denmark,,Schmidt RH,Denmark,Schmidt RH,Schmidt RH,Denmark,Grenaa,Denmark,2023-12-01,,
7320485.0,NORDIA-N,Trailing Suction Hopper Dredger,630.0,0.0,1973.0,Denmark,,NCC Industry A/S,Denmark,NCC Industry A/S,NCC Industry A/S,Denmark,Frederikshavn,Denmark,2024-07-01,,
9000302.0,MY MERAY,Bulk Carrier,21941.0,6925.0,1992.0,Belize,,Janchart Shipping A/S,Denmark,Eastern Star Shipping,4Brother's Shipping Ltd,Liberia,Alang,India,2024-10-01,,
9215165.0,JEPPESEN MAERSK,Container Ship (Fully Cellular),30166.0,6314.0,2001.0,Denmark (Dis),,Moller-Maersk A/S,Denmark,Maersk A/S,Maersk A/S,Denmark,Aliaga,Turkey,2024-05-01,,
9164237.0,ALEXANDER MAERSK,Container Ship (Fully Cellular),14120.0,6122.0,1998.0,Denmark (Dis),,Moller AP,Denmark,Maersk A/S,Maersk A/S,Denmark,Aliaga,Turkey,2024-07-01,,
9105970.0,Y GLORY,Container Ship (Fully Cellular),16801.0,7771.0,1996.0,St Kitts & Nevis,Egypt,CORPLEASE,Egypt,Mahoney Shipping & Marine Serv,CORPLEASE,Egypt,Alang,India,2024-08-01,,
8215065.0,MISR GULF V,Offshore Tug/Supply Ship,936.0,0.0,1983.0,Egypt,,MISR Gulf Shipping & Offshore,Egypt,Misr Gulf Shipping & Offshore,Misr Gulf Shipping & Offshore,Egypt,Unknown,Unknown,2024-04-01,,
8211576.0,HERMES,Anchor Handling Tug Supply,2322.0,0.0,1983.0,Cyprus,,Alfons Hakans AS,Estonia,Alfons Hakans AS,Alfons Hakans AS,Estonia,Liepaja,Latvia,2024-02-01,,
8320585.0,ATLA,Refrigerated Cargo Ship,3402.0,0.0,1985.0,Palau,,Norfos Shipping Ltd,Estonia,Tambels Ltd-BZE,Tambels Ltd-BZE,Belize,Aliaga,Turkey,2024-07-01,,
7385112.0,FERN,"FSO, Oil",153124.0,41716.0,1979.0,St Kitts & Nevis,Gabon,Perenco SA,France,Perenco Oil & Gas Gabon SA,Perenco Oil & Gas Gabon SA,Gabon,Chittagong,Bangladesh,2024-06-01,,
4544913.0,JEAN DE VIENNE,Frigate,,4500.0,1984.0,France,,France Govt,France,France Govt Marine Nationale,France Govt Marine Nationale,France,Bassens,France,2024-01-01,,
4544860.0,CASSARD,Frigate,,4500.0,1988.0,France,,France Govt,France,France Govt Marine Nationale,France Govt Marine Nationale,France,Bassens,France,2024-02-01,,
9183271.0,ION,Shuttle Tanker,80086.0,23236.0,2000.0,St Kitts & Nevis,Cameroon,FTL Shipmanagement Co Ltd,Georgia,Sorni Shipping Co Ltd,Sorni Shipping Co Ltd,Seychelles,Chittagong,Bangladesh,2024-10-01,,
8222185.0,HAITHABU,General Cargo Ship,1372.0,734.0,1984.0,Cyprus,,Jeske L,Germany,Shipping Inside GmbH & Co KG,Shipping Inside GmbH & Co KG,Germany,Grenaa,Denmark,2024-09-01,,
8124503.0,SIRIUS,Products Tanker,676.0,444.0,1982.0,Germany,,Broring Beteiligungs mbH,Germany,BOT Broering Oil Trans GmbH,BOT Broering Oil Trans GmbH,Germany,Esbjerg,Denmark,2024-12-01,,
9063988.0,BORD,Container Ship (Fully Cellular),10736.0,5723.0,1993.0,St Kitts & Nevis,Antigua & Barbuda,Navalis Shipping GmbH & Co KG,Germany,Tom Worden GmbH & Co KG,Spirit of Africa Shipping Co,Antigua & Barbuda,Alang,India,2024-06-01,,
9015216.0,STREAM,Refrigerated Cargo Ship,13049.0,7630.0,1992.0,Bahamas,,Chartworld Shipping Corp,Greece,Chartworld Shipping Corp,Papigo Shipping Corp,Marshall Islands,Alang,India,2024-06-01,,
9192765.0,AQUILA,Chemical/Products Tanker,23843.0,8084.0,1999.0,Panama,,Simplicity Enterprises Inc,Greece,Roswell Tankers Corp,Aquila Marine Inc,Liberia,Alang,India,2024-09-01,,
7402465.0,AFTHONIA V,Yacht,1293.0,0.0,1975.0,Togo,Panama,SSH Maritime Management Ltd,Greece,SSH Maritime Management Ltd,Sea Fleurs Ltd,British Virgin Islands,Aliaga,Turkey,2024-02-01,,
9235622.0,CONTSHIP PRO,Container Ship (Fully Cellular),9528.0,4852.0,2003.0,Liberia,,Contships Management Inc,Greece,CMA CGM SA The French Line,Rosehill Shipholding Inc,Liberia,Aliaga,Turkey,2024-03-01,,
7525592.0,DIAA,General Cargo Ship,2551.0,0.0,1977.0,Comoros,,Romarine Europe Ltd,Greece,Romarine Europe Ltd,Usta Shipping Co,Liberia,Aliaga,Turkey,2024-07-01,,
6724713.0,ISTOS X,Platform Supply Ship,590.0,0.0,1967.0,Greece,,Spanopoulos Group SA,Greece,Ignatios Spanopoulos SA,Christos XXXII Spanopoulos,Greece,Aliaga,Turkey,2024-09-01,,
8523357.0,TITAN,Tug,481.0,0.0,1984.0,Greece,,Gigilinis Shipping Group,Greece,Gigilinis Salvage & Towage,Thisseas Shipping,Greece,Aliaga,Turkey,2024-09-01,,
7414286.0,PROMITHEAS,Chemical Tanker,2117.0,1244.0,1975.0,Togo,Greece,Demotank Shipping,Greece,Demotank Shipping,Demotank Shipping,Greece,Aliaga,Turkey,2024-11-01,,
7612668.0,LEN,General Cargo Ship,1769.0,0.0,1977.0,Togo,Greece,Kagiafas Marine Co,Greece,El Greco Maritime Co,El Greco Maritime Co,Netherlands,Aliaga,Turkey,2024-12-01,,
9007350.0,BOS LINA,General Cargo Ship,7989.0,3287.0,1991.0,Togo,,BOS Shipping SA,Honduras,BOS Shipping SA,Voyager Bulkers SA,Liberia,Gadani,Pakistan,2024-04-01,,
9097056.0,HONG YING,Refrigerated Cargo Ship,2383.0,1568.0,1984.0,Mongolia,Panama,Hai Ling Shipping Hong Kong,Hong Kong,Hai Ling Shipping Hong Kong,Hai Ling Shipping Hong Kong,Hong Kong,Chittagong,Bangladesh,2024-05-01,,
9037214.0,YUA,Container Ship (Fully Cellular),7167.0,4476.0,1994.0,St Kitts & Nevis,Hong Kong,Grandfame Ship Management Ltd,Hong Kong,Jipeng Fuzhou Ship Management,Jiyuan Shipping Ltd-HKG,Hong Kong,Chittagong,Bangladesh,2024-06-01,,
9187435.0,INDU,Crude Oil Tanker,57925.0,16696.0,1999.0,Comoros,Belize,Ushba Shipping Ltd,Hong Kong,Ushba Shipping Ltd,Ushba Shipping Ltd,Hong Kong,Chittagong,Bangladesh,2024-08-01,,
9120059.0,RINCE,Bulk Carrier,36559.0,9214.0,1996.0,St Kitts & Nevis,Panama,LT Princess Shipping Co Ltd,Hong Kong,LT Princess Shipping Co Ltd,LT Princess Shipping Co Ltd,Hong Kong,Chittagong,Bangladesh,2024-11-01,,
9016923.0,KEL,Chemical/Products Tanker,5677.0,3535.0,1994.0,St Kitts & Nevis,Sierra Leone,Elay Marine Ltd,Hong Kong,Elay Marine Ltd,Elay Marine Ltd,Hong Kong,Alang,India,2024-05-01,,
9079145.0,TUNE,Bulk Carrier,37550.0,9987.0,1994.0,St Kitts & Nevis,Sierra Leone,YH Princess Shipping Co Ltd,Hong Kong,YH Princess Shipping Co Ltd,YH Princess Shipping Co Ltd,Hong Kong,Gadani,Pakistan,2024-01-01,,
7728601.0,JON KJARTANSSON,Fishing Vessel,1693.0,0.0,1978.0,Iceland,,Eskja hf,Iceland,Eskja hf,Eskja hf,Iceland,Esbjerg,Denmark,2024-05-01,,
9211688.0,ISLEIFUR,Fishing Vessel,2000.0,0.0,2000.0,Iceland,,Vinnslustodin hf,Iceland,Vinnslustodin hf,Vinnslustodin hf,Iceland,Esbjerg,Denmark,2024-10-01,,
9207326.0,ISL STAR,Bulk Carrier,38835.0,10177.0,1999.0,Liberia,,TM International Logistics Ltd,India,International Shpg & Logistics,International Shpg & Logistics,United Arab Emirates,Chittagong,Bangladesh,2024-03-01,,
9170432.0,SWARAJYA,Products Tanker,21827.0,8542.0,1998.0,St Kitts & Nevis,India,Shipping Corp of India Ltd,India,Shipping Corp of India Ltd,Shipping Corp of India Ltd,India,Chittagong,Bangladesh,2024-04-01,,
9128817.0,APJ MAHAKALI,Bulk Carrier,36559.0,9126.0,1996.0,India,,Apeejay Shipping Ltd,India,Apeejay Shipping Ltd,Apeejay Shipping Ltd,India,Chittagong,Bangladesh,2024-07-01,,
9213301.0,RADA,Crude Oil Tanker,62385.0,18860.0,2001.0,St Kitts & Nevis,Cameroon,Darya Shipping Pvt Ltd,India,Darya Shipping Pvt Ltd,Aegean Shipping Corp,Panama,Chittagong,Bangladesh,2024-10-01,,
8845494.0,NAND RAJGADI,General Cargo Ship,1491.0,796.0,1991.0,India,,Essar Shipping Ltd,India,Arkay Logistics Ltd,Arkay Logistics Ltd,India,Alang,India,2024-02-01,,
9172284.0,DARK KNIGHT,Anchor Handling Tug Supply,2599.0,2606.0,1998.0,Palau,India,Hind Offshore Pvt Ltd,India,Hind Offshore Pvt Ltd,Hind Offshore Pvt Ltd,India,Alang,India,2024-04-01,,
8755508.0,TAHARA,"Production Platform, semi submersible",12286.0,9445.0,1973.0,St Kitts & Nevis,Liberia,Aban Offshore Ltd,India,Aban Offshore Ltd,Aban Offshore Ltd,India,Alang,India,2024-05-01,,
9033751.0,DUTA 1,Ro-Ro Cargo Ship,16350.0,5913.0,1991.0,Indonesia,,Repindo Jagad Raya PT,Indonesia,Duta Shipping International PT,Duta Shipping International PT,Indonesia,Chittagong,Bangladesh,2024-01-01,,
8912730.0,P DELTA,Container Ship (Fully Cellular),9601.0,5256.0,1993.0,St Kitts & Nevis,,Caraka Tirta Perkasa PT,Indonesia,Caraka Tirta Perkasa PT,Caraka Tirta Perkasa PT,Indonesia,Chittagong,Bangladesh,2024-01-01,,
9045431.0,JOHN C,Products Tanker,12317.0,4759.0,1993.0,Comoros,Indonesia,Atamimi Group of Companies,Indonesia,Atamimi Group of Companies,Atamimi Group of Companies,Indonesia,Chittagong,Bangladesh,2024-02-01,,
9014092.0,MEDAN 2,Container Ship (Fully Cellular),17610.0,7291.0,1991.0,Comoros,Indonesia,Meratus Line PT,Indonesia,Meratus Line PT,Meratus Line PT,Indonesia,Chittagong,Bangladesh,2024-04-01,,
8220125.0,TITAN,Limestone Carrier,15631.0,0.0,1983.0,Comoros,Tuvalu,Indobaruna Bulk Transport PT,Indonesia,Indobaruna Bulk Transport PT,Indobaruna Bulk Transport PT,Indonesia,Chittagong,Bangladesh,2024-05-01,,
9123128.0,NARESWAR,Bulk Carrier,38232.0,10308.0,1996.0,St Kitts & Nevis,Indonesia,Andhika Lines,Indonesia,Andhika Lines,Indah Bima Prima,Indonesia,Chittagong,Bangladesh,2024-07-01,,
9060534.0,SURYA A,LNG Tanker,20519.0,8168.0,1996.0,Niue,Bahamas,Humpuss Intermoda PT,Indonesia,Humpuss Intermoda PT,MCGC International,Bahamas,Chittagong,Bangladesh,2024-09-01,,
9031727.0,ARMADA SEJATI,Container Ship (Fully Cellular),6093.0,3322.0,1991.0,Indonesia,,Salam Pacific Indonesia Lines,Indonesia,Salam Pacific Indonesia Lines,Salam Pacific Indonesia Lines,Indonesia,Chittagong,Bangladesh,2024-12-01,,
9062702.0,ELIN,Chemical Tanker,10911.0,5270.0,1993.0,St Kitts & Nevis,Indonesia,Waruna Nusa Sentana PT,Indonesia,Waruna Nusa Sentana PT,Waruna Nusa Sentana PT,Indonesia,Alang,India,2024-11-01,,
9168582.0,TANTO,Container Ship (Fully Cellular),8612.0,4218.0,1998.0,St Kitts & Nevis,Indonesia,Tanto Intim Line PT,Indonesia,Tanto Intim Line PT,Tanto Intim Line PT,Indonesia,Alang,India,2024-12-01,,
8908246.0,GAS PATRA,LPG Tanker,3478.0,2269.0,1990.0,Indonesia,,PERTAMINA Trans Kontinental,Indonesia,Pertamina Trans Kontinental,Pertamina Trans Kontinental,Indonesia,"Unknown Shipbreakers, Indonesi",Indonesia,2024-10-01,,
9018244.0,MERATUS SIBOLGA,General Cargo Ship,3256.0,1340.0,1993.0,Indonesia,,Meratus Line PT,Indonesia,Meratus Line PT,Meratus Line PT,Indonesia,"Unknown Shipbreakers, Indonesi",Indonesia,2024-11-01,,
7379802.0,ISLAND,"FSO, Oil",151766.0,40354.0,1975.0,St Kitts & Nevis,Panama,National Iranian Oil Company (NOIC),Iran,National Iranian Oil Company (NOIC),National Iranian Oil Company (NOIC),Iran,Chittagong,Bangladesh,2024-04-01,,
8119326.0,CIARA,Patrol Vessel,763.0,0.0,1984.0,Irish Republic,,Ireland Govt,Irish Republic,Ireland Govt,Ireland Govt Defence,Irish Republic,Ghent,Belgium,2024-01-01,,
8119338.0,ORLA,Patrol Vessel,712.0,0.0,1985.0,Irish Republic,,Ireland Govt,Irish Republic,Ireland Govt,Ireland Govt Defence,Irish Republic,Ghent,Belgium,2024-04-01,,
8208141.0,EITHNE,Patrol Vessel,1490.0,1915.0,1984.0,Irish Republic,,Ireland Govt,Irish Republic,Ireland Govt,Ireland Govt Defence,Irish Republic,Ghent,Belgium,2024-06-01,,
8828226.0,VICTORIA,Passenger Ship,571.0,0.0,1985.0,Israel,,Gal Yam Marine Works Ltd,Israel,Gal Yam Marine Works Ltd,Gal Yam Marine Works Ltd,Israel,Aliaga,Turkey,2024-09-01,,
7036137.0,IMIT,Anchor Handling Tug Supply,556.0,0.0,1970.0,Togo,Greece,Scafi Navigazione SpA,Italy,Med Tugs,Alpha Force Shipping Co,Greece,Aliaga,Turkey,2024-01-01,,
4569042.0,BERSAGLIERE,Frigate,,2525.0,1995.0,Italy,,Italy Govt,Italy,Italy Govt Navy,Italy Govt Navy,Italy,Aliaga,Turkey,2024-03-01,,
4568945.0,MAESTRALE,Frigate,,3251.0,1982.0,Italy,,Italy Govt,Italy,Italy Govt Navy,Italy Govt Navy,Italy,Aliaga,Turkey,2024-03-01,,
4568971.0,SCIROCCO,Frigate,,3251.0,1983.0,Italy,,Italy Govt,Italy,Italy Govt Navy,Italy Govt Navy,Italy,Aliaga,Turkey,2024-03-01,,
7360605.0,MOBY VINCENT,Passenger/Ro-Ro Ship (Vehicles),12187.0,5479.0,1974.0,Italy,,Moby SpA,Italy,Moby SpA,Moby SpA,Italy,Aliaga,Turkey,2024-04-01,,
7360617.0,SARDINIA VERA,Passenger/Ro-Ro Ship (Vehicles),12107.0,0.0,1975.0,Italy,,Tourship Group,Italy,Corsica Ferries SAS,Tita Two Srl,Italy,Aliaga,Turkey,2024-05-01,,
8766284.0,AMT MARINER,"Deck Cargo Pontoon, semi submersible",4250.0,0.0,1977.0,Italy,,Piombino Industrie Marittime,Italy,Genoa Ship Management Srl,Piombino Industrie Marittime,Italy,Aliaga,Turkey,2024-08-01,,
6900654.0,MOBY ALE,Passenger/Ro-Ro Ship (Vehicles),2837.0,0.0,1969.0,Italy,,Moby SpA,Italy,Moby SpA,Moby SpA,Italy,Aliaga,Turkey,2024-10-01,,
7360681.0,MOBY BABY TWO,Passenger/Ro-Ro Ship (Vehicles),5225.0,0.0,1974.0,Italy,,Moby SpA,Italy,Moby SpA,Moby SpA,Italy,Aliaga,Turkey,2024-12-01,,
8401365.0,S MARU 5,Fishery Research Vessel,1786.0,1700.0,1983.0,Sao Tome & Principe,Japan,Kaiyo Engineering Co Ltd,Japan,Kaiyo Engineering Co Ltd,Kaiyo Engineering Co Ltd,Japan,Chittagong,Bangladesh,2024-04-01,,
9143764.0,GAKU,Vehicles Carrier,26503.0,7795.0,1997.0,Comoros,Japan,Fujitrans Corp,Japan,Fujitrans Corp,Fujitrans Corp,Japan,Chittagong,Bangladesh,2024-05-01,,
8700448.0,FERRY HAYATOMO-2,Passenger/Ro-Ro Ship (Vehicles),4238.0,4160.0,1987.0,St Kitts & Nevis,Japan,Ishizaki Kisen KK,Japan,Ishizaki Kisen KK,Ishizaki Kisen KK,Japan,Chittagong,Bangladesh,2024-08-01,,
9193680.0,MSC TIA II,Container Ship (Fully Cellular),23722.0,10611.0,1999.0,Liberia,,Komenaka Kaiun,Japan,MSC Mediterranean Shipping Co,Eurydice Oceanway Ltd,Liberia,Alang,India,2024-06-01,,
8922436.0,KUM SAN PHO 3,General Cargo Ship,1584.0,1000.0,1989.0,Korea (North),,Taedongmun Shipping Co Ltd,Korea (North),Taedongmun Shipping Co Ltd,Taedongmun Shipping Co Ltd,Korea (North),Unknown,Korea (North),2024-06-01,,
8361125.0,SAMBONG 3,Trailing Suction Hopper Dredger,3485.0,2570.0,1993.0,St Kitts & Nevis,Korea (South),Sambong Corp,Korea (South),Sambong Corp,Sambong Corp,Korea (South),Chittagong,Bangladesh,2024-01-01,,
9146663.0,SINOKOR HONGKONG,Container Ship (Fully Cellular),13151.0,5300.0,1996.0,Korea (South),,Sinokor Merchant Marine Co Ltd,Korea (South),Sinokor Merchant Marine Co Ltd,Sinokor Merchant Marine Co Ltd,Korea (South),Chittagong,Bangladesh,2024-04-01,,
9081021.0,SAWASDEE SINGAPORE,Container Ship (Fully Cellular),15707.0,7138.0,1995.0,Korea (South),,Sinokor Co Ltd,Korea (South),Sinokor Merchant Marine Co Ltd,Hansung Line Co Ltd,Korea (South),Chittagong,Bangladesh,2024-04-01,,
9160906.0,SINOKOR QINGDAO,Container Ship (Fully Cellular),9030.0,4735.0,1999.0,Korea (South),,Sinokor Merchant Marine Co Ltd,Korea (South),Sinokor Merchant Marine Co Ltd,Sinokor Merchant Marine Co Ltd,Korea (South),Chittagong,Bangladesh,2024-04-01,,
9129005.0,HEUNG-A TOKYO,Container Ship (Fully Cellular),4914.0,2446.0,1996.0,Korea (South),,Heung-A Shipping Co Ltd,Korea (South),Heung A Line Co Ltd,Heung A Line Co Ltd,Korea (South),Chittagong,Bangladesh,2024-05-01,,
9104457.0,GNS HOPE,Bulk Carrier,36074.0,9812.0,1994.0,Korea (South),,GNS Seoul Co Ltd,Korea (South),GNS Seoul Co Ltd,GNS Seoul Co Ltd,Korea (South),Chittagong,Bangladesh,2024-05-01,,
9014121.0,DOOWOO,Container Ship (Fully Cellular),8616.0,0.0,1992.0,Comoros,Korea (South),Doowoo Shipping Corp,Korea (South),Doowoo Shipping Corp,Doowoo Shipping Corp,Korea (South),Chittagong,Bangladesh,2024-06-01,,
8502420.0,DRAGO,Cement Carrier,4695.0,2314.0,1986.0,Comoros,Korea (South),Ssangyong C&E Co Ltd,Korea (South),Ssangyong C&E Co Ltd,Ssangyong C&E Co Ltd,Korea (South),Chittagong,Bangladesh,2024-08-01,,
8506581.0,SOLA GRATIA,Cement Carrier,3199.0,2052.0,1985.0,Panama,,Shinsung Shipping Co Ltd,Korea (South),DLSM Co Ltd,Ezra Maritime SA,Panama,Chittagong,Bangladesh,2024-09-01,,
9152313.0,MS GAS,LPG Tanker,998.0,0.0,1996.0,Korea (South),,Myungshin Shipping Co Ltd,Korea (South),Myungshin Shipping Co Ltd,Hae Sung Shipping Co Ltd,Korea (South),Chittagong,Bangladesh,2024-10-01,,
7390179.0,CORAL,LNG Tanker,95016.0,30194.0,1979.0,Comoros,Marshall Islands,Sinokor Maritime Co Ltd,Korea (South),Sinokor Maritime Co Ltd,Coral Energy 1 SA,Marshall Islands,Chittagong,Bangladesh,2024-12-01,,
9121613.0,HANA,Chemical/Products Tanker,1780.0,1260.0,1995.0,Comoros,Korea (South),Hana Marine Co Ltd,Korea (South),Hana Marine Co Ltd,Hana Marine Co Ltd,Korea (South),Alang,India,2024-05-01,,
9038816.0,SOVEREIGN,LNG Tanker,103764.0,30120.0,1994.0,St Kitts & Nevis,Korea (South),SK Shipping Co Ltd-KRS,Korea (South),SK Shipping Co Ltd-KRS,SK Shipping Co Ltd-KRS,Korea (South),Alang,India,2024-08-01,,
9063835.0,MUGUNGHWA NO. 18,Fishery Patrol Vessel,1592.0,0.0,1993.0,Korea (South),,Korea South Govt Oceans,Korea (South),South Sea Fisheries,Korea South Govt Oceans,Korea (South),Busan,Korea (South),2024-01-01,,
9080273.0,MOSHKARA,Bulk Carrier,55945.0,14348.0,1995.0,Comoros,Panama,Combined Group Rocks Co KSCC,Kuwait,Combined Group Rocks Co KSCC,Combined Group Rocks Co KSCC,Kuwait,Gadani,Pakistan,2024-08-01,,
8423155.0,SALDUS,Fishing Vessel,723.0,806.0,1985.0,Latvia,,North Star Ltd,Latvia,North Star Ltd,North Star Ltd,Latvia,Ulsteinvik,Norway,2024-10-01,,
8707721.0,DORADO,Fish Factory Ship,1943.0,0.0,1987.0,Guinea-Bissau,,Batterfisa Ltd,Latvia,Batterfisa Ltd,Batterfisa Ltd,Latvia,Aliaga,Turkey,2024-12-01,,
7392593.0,NEZHA,General Cargo Ship,2787.0,1571.0,1973.0,Comoros,,Cedar Marine Services SAL,Lebanon,Cedar Marine Services SAL,Nezha Shipping Co,Liberia,Alang,India,2024-06-01,,
8401523.0,PROFESSOR B,Container Ship (Fully Cellular),10733.0,5121.0,1984.0,Comoros,,Cedar Marine Services SAL,Lebanon,Cedar Marine Services SAL,Professor Shipping Co SA,Liberia,Alang,India,2024-06-01,,
8312708.0,CAPTAIN GHAITH,Bulk Carrier,20058.0,6956.0,1984.0,Comoros,Panama,Hiba Shipping Co,Lebanon,Hiba Shipping Co,Oranous Navigation Co SA,Panama,Gadani,Pakistan,2024-06-01,,
7396654.0,HABIBA M,General Cargo Ship,2627.0,1357.0,1975.0,Tanzania (Zanzibar),,Global Management & Trading,Lebanon,Manassa 2M Shipmanagement Co,Manessa Maritime SA,Honduras,Aliaga,Turkey,2024-01-01,,
7392608.0,ARROW S,General Cargo Ship,2765.0,0.0,1974.0,Togo,,Global Management & Trading,Lebanon,Global Management & Trading,Arrow Shipping Co SA,Honduras,Aliaga,Turkey,2024-03-01,,
7528556.0,PRINCESS M,General Cargo Ship,3622.0,2005.0,1977.0,Lebanon,,Global Management & Trading,Lebanon,Med Star Shipping Co SA,Med Star Shipping Co SA,Honduras,Aliaga,Turkey,2024-08-01,,
9143312.0,BOSS 7,General Cargo Ship,11478.0,4712.0,1996.0,Tanzania (Zanzibar),,Friends Shipping Co,Liberia,Friends Shipping Co,Friends Shipping Co,Liberia,Alang,India,2024-12-01,,
7922934.0,OSCAR I,General Cargo Ship,1996.0,1048.0,1981.0,Togo,,Shiptraco Ltd,Liberia,Shiptraco Ltd,Shiptraco Ltd,Liberia,Gadani,Pakistan,2024-03-01,,
9114464.0,URANUS J,Bulk Carrier,15757.0,5778.0,1995.0,Palau,,Uranus Nave Co Ltd,Liberia,Uranus Nave Co Ltd,Uranus Nave Co Ltd,Liberia,Gadani,Pakistan,2024-05-01,,
7218400.0,ONUR,General Cargo Ship,2229.0,1310.0,1972.0,Palau,,Natalie Marine Ltd,Liberia,Natalie Marine Ltd,Natalie Marine Ltd,Liberia,Aliaga,Turkey,2024-06-01,,
8503242.0,TOKACHI FROST,Refrigerated Cargo Ship,3936.0,2592.0,1985.0,Palau,,Ship Service Agency,Lithuania,Alpha Reefer Transport GmbH,Marenga Holdings Corp,Panama,Alang,India,2024-07-01,,
7814632.0,JUROS VILKAS,Fishing Vessel,604.0,558.0,1979.0,Unknown,Lithuania,Arctic Fishing,Lithuania,Arctic Fishing,Arctic Fishing,Lithuania,Liepaja,Latvia,2024-07-01,,
8210285.0,SOLARTE,Refrigerated Cargo Ship,3298.0,0.0,1982.0,Dominica,,Baltlanta JSC,Lithuania,Balsola UAB,Balsola UAB,Lithuania,Aliaga,Turkey,2024-12-01,,
9165449.0,MANIS 7,Container Ship (Fully Cellular),10384.0,5468.0,1999.0,Comoros,,MTT Shipping Sdn Bhd,Malaysia,MTT Shipping Sdn Bhd,MTT Shipping Tanjong Manis Sdn,Malaysia,Chittagong,Bangladesh,2024-02-01,,
9131060.0,GAP,Container Ship (Fully Cellular),8276.0,3837.0,1996.0,St Kitts & Nevis,Malaysia,MTT Shipping Sdn Bhd,Malaysia,MTT Shipping Sdn Bhd,MTT Shipping Sdn Bhd,Malaysia,Gadani,Pakistan,2024-02-01,,
9188788.0,JAL GAMINI,Crude Oil Tanker,81565.0,22572.0,2000.0,Tanzania (Zanzibar),Togo,Pamban Ltd,Marshall Islands,Brij Maritime Pvt Ltd,Pamban Ltd,Marshall Islands,Chittagong,Bangladesh,2024-04-01,,
7125811.0,EMPIRE PERSIA,Offshore Support Vessel,1680.0,0.0,1972.0,Unknown,Panama,Risdon Beazley Marine Ltd,Marshall Islands,Risdon Beazley Marine Ltd,Risdon Beazley Marine Ltd,Marshall Islands,Esbjerg,Denmark,2024-08-01,,
8860834.0,ALMUNTAZAH,Pollution Control Vessel,4510.0,3313.0,1992.0,Cameroon,,Deepblue SH Shipping Ltd,Marshall Islands,Deepblue SH Shipping Ltd,Deepblue SH Shipping Ltd,Marshall Islands,Alang,India,2024-10-01,,
8607658.0,SKYMOON KING,General Cargo Ship,2854.0,1240.0,1988.0,Cameroon,,Lucky 19 Shipping Ltd,Marshall Islands,Lucky 19 Shipping Ltd,Lucky 19 Shipping Ltd,Marshall Islands,Aliaga,Turkey,2024-05-01,,
8218380.0,SEALOCK,General Cargo Ship,1343.0,0.0,1985.0,Tanzania (Zanzibar),,Orca Shipping Corp,Marshall Islands,Orca Shipping Corp,Orca Shipping Corp,Marshall Islands,Aliaga,Turkey,2024-05-01,,
7514440.0,BARACUDA,General Cargo Ship,2196.0,0.0,1977.0,Togo,,Baracuda Shipping Inc,Marshall Islands,Baracuda Shipping Inc,Medus Shipping Ltd,Marshall Islands,Aliaga,Turkey,2024-07-01,,
7713175.0,OMAR TRADER,General Cargo Ship,3612.0,1800.0,1980.0,Comoros,,Regulus Shipping for Maritime,Marshall Islands,Regulus Shipping for Maritime,OMar Shipping Co Ltd,Marshall Islands,Aliaga,Turkey,2024-09-01,,
8869749.0,TRUST,General Cargo Ship,1559.0,0.0,1993.0,Panama,,Latitude Marine Ltd,Marshall Islands,Latitude Marine Ltd,Latitude Marine Ltd,Marshall Islands,Aliaga,Turkey,2024-09-01,,
7638105.0,ELMAS,General Cargo Ship,2735.0,0.0,1980.0,Tanzania (Zanzibar),,Bright Star Maritime Ltd,Marshall Islands,Bright Star Maritime Ltd,Bright Star Maritime Ltd,Marshall Islands,Aliaga,Turkey,2024-09-01,,
8131142.0,GRAND MBA,General Cargo Ship,664.0,154.0,1983.0,Tanzania (Zanzibar),,Grand MBA Ltd,Marshall Islands,Grand MBA Ltd,Grand MBA Ltd,Marshall Islands,Aliaga,Turkey,2024-09-01,,
8504181.0,SS GRAYWOLF,General Cargo Ship,1856.0,993.0,1985.0,Honduras,,Soi Shipping Ltd,Marshall Islands,Soi Shipping Ltd,Soi Shipping Ltd,Marshall Islands,Aliaga,Turkey,2024-10-01,,
7370193.0,FPSO CAPIXABA,"FPSO, Oil",137452.0,54656.0,1974.0,Bahamas,,SBM Offshore NV,Netherlands,PETROBRAS,SBM Espirito do Mar Inc,Switzerland,Frederikshavn,Denmark,2024-05-01,,
7389405.0,FPSO FLUMINENSE,"FPSO, Oil",171186.0,42798.0,1974.0,Bahamas,,Shell Plc,Netherlands,Modec International Inc,Shell Brasil Petroleo Ltda,Brazil,Frederikshavn,Denmark,2024-08-01,,
9085479.0,TWEEDIA,Refrigerated Cargo Ship,5471.0,3064.0,1994.0,St Kitts & Nevis,Netherlands,Seatrade Groningen BV,Netherlands,GreenSea Chartering BVBA,Cool Expreso Shipping Co NV,Curaçao,Alang,India,2024-08-01,,
7221275.0,STAR ARUBA,Edible Oil Tanker,1161.0,899.0,1972.0,Netherlands,,Koole Tanktransport BV,Netherlands,Koole Tanktransport BV,Star Bonaire BV,Netherlands,Kampen,Netherlands,2024-03-01,,
8300389.0,HAPPY BUCCANEER,General Cargo Ship,16341.0,9900.0,1984.0,Netherlands,,Spliethoff's Bevrachtings BV,Netherlands,BigLift Shipping BV,Rederij Happy Buccaneer,Netherlands,Aliaga,Turkey,2024-10-01,,
8025343.0,SUPER SERVANT 4,"Heavy Load Carrier, semi submersible",12642.0,6140.0,1982.0,Curacao,,Spliethoff's Bevrachtings BV,Netherlands,Dockwise Yacht Transport LLC,Shuttle Shipping NV,Netherlands,Aliaga,Turkey,2024-10-01,,
9126704.0,WIND,General Cargo Ship,4150.0,2489.0,1997.0,St Kitts & Nevis,Vanuatu,Move Investments Ltd,New Zealand,Move Oceans Singapore Pte Ltd,Move Oceans Singapore Pte Ltd,Singapore,Alang,India,2024-10-01,,
8757647.0,COMANCHE,Pipe Layer,10324.0,9091.0,1969.0,St Kitts & Nevis,Vanuatu,TCO Marine Ltd,Nigeria,TCO Marine Ltd,TCO Marine Ltd,Nigeria,Chittagong,Bangladesh,2024-05-01,,
8209743.0,LILL,General Cargo Ship,1843.0,1221.0,1985.0,Norway (Nis),,Hav Shipping AS,Norway,Rolf Wagle AS,Skagerak Shipping AS,Norway,Esbjerg,Denmark,2024-12-01,,
8819304.0,GREEN FREEZER,Refrigerated Cargo Ship,5084.0,2987.0,1991.0,Bahamas,,Green Reefers,Norway,GreenSea Chartering BVBA,Green Shipping AS,Norway,Alang,India,2024-01-01,,
8804579.0,GREEN MALOY,Refrigerated Cargo Ship,5084.0,2975.0,1990.0,Bahamas,,Green Reefers,Norway,GreenSea Chartering BVBA,Green Shipping AS,Norway,Alang,India,2024-10-01,,
8804555.0,GREEN BODO,Refrigerated Cargo Ship,5084.0,2957.0,1990.0,Bahamas,,Green Reefers,Norway,GreenSea Chartering BVBA,Green Shipping AS,Norway,Alang,India,2024-10-01,,
8804529.0,GREEN SELJE,Refrigerated Cargo Ship,5084.0,2979.0,1989.0,Bahamas,,Green Reefers,Norway,GreenSea Chartering BVBA,Green Shipping AS,Norway,Alang,India,2024-11-01,,
7721184.0,HELGOY,Passenger/Ro-Ro Ship (Vehicles),874.0,0.0,1978.0,Norway,,Torghatten Nord AS,Norway,Torghatten Nord AS,Torghatten Nord AS,Norway,Ulsteinvik,Norway,2024-02-01,,
7611755.0,SOLNOR,Passenger/Ro-Ro Ship (Vehicles),765.0,0.0,1977.0,Norway,,Fjord1 AS,Norway,Fjord1 AS,Fjord1 AS,Norway,Stokksund,Norway,2024-03-01,,
7405936.0,ROSENDAL,Passenger/Ro-Ro Ship (Vehicles),768.0,0.0,1975.0,Norway,,Torghatten Nord AS,Norway,Torghatten Nord AS,Torghatten Nord AS,Norway,Stokksund,Norway,2024-04-01,,
8750376.0,BIDEFORD DOLPHIN,"Drilling Rig, semi Submersible",16813.0,27438.0,1975.0,Bermuda,,Fred Olsen & Co,Norway,Dolphin Drilling Offshore AS,Dolphin Drilling Offshore AS,Norway,Aliaga,Turkey,2024-08-01,,
8756186.0,LEADER,"Drilling Rig, semi Submersible",26099.0,0.0,1987.0,Bermuda,,Fred Olsen & Co,Norway,Dolphin Drilling Offshore AS,Dolphin Drilling Ltd,United Kingdom,Aliaga,Turkey,2024-10-01,,
8804543.0,GREEN COOLER,Refrigerated Cargo Ship,5084.0,2990.0,1990.0,Bahamas,,Green Reefers,Norway,GreenSea Chartering BVBA,Green Shipping AS,Norway,Aliaga,Turkey,2024-12-01,,
8509026.0,DHAFI,Passenger Ship,10797.0,6040.0,1987.0,Comoros,Oman,Oman Govt,Oman,Royal Yachts Squadron,Royal Yachts Squadron,Oman,Gadani,Pakistan,2024-02-01,,
9060405.0,FUKUDA,Products Tanker,1291.0,750.0,1992.0,St Kitts & Nevis,,Fukuda Maritime SA,Panama,Fukuda Maritime SA,Fukuda Maritime SA,Panama,Chittagong,Bangladesh,2024-02-01,,
8810944.0,SEA FLOWER,General Cargo Ship (with Ro-Ro facility),10022.0,5282.0,1991.0,Tanzania (Zanzibar),,Premier Maritime Ship Mgmt,Panama,Premier Maritime Ship Mgmt,Premier Maritime Ship Mgmt,Panama,Gadani,Pakistan,2024-03-01,,
9105578.0,TORO BIANCO,Bulk Carrier,36617.0,9269.0,1995.0,Panama,,Toro Bianco Inc,Panama,Toro Bianco Inc,Toro Bianco Inc,Panama,Gadani,Pakistan,2024-04-01,,
9066758.0,POSEIDON M,Bulk Carrier,22147.0,7170.0,1994.0,Sao Tome & Principe,Panama,Poseidon Shipping Enterprises,Panama,Majesty Navigation Enterprises,Poseidon Shipping Enterprises,Panama,Gadani,Pakistan,2024-05-01,,
7813925.0,SALY REEFER,Refrigerated Cargo Ship,2009.0,0.0,1979.0,Cameroon,,Fishing & Cargo Services SA,Panama,West Coast Frozen Fish SA,Fishing & Cargo Services SA,Panama,Aliaga,Turkey,2024-06-01,,
8607646.0,WEST OCEAN 12,General Cargo Ship,2854.0,1722.0,1987.0,Philippines,,West Ocean Lines & Transport,Philippines,West Ocean Lines & Transport,West Ocean Lines & Transport,Philippines,Chittagong,Bangladesh,2023-12-01,,
8912510.0,SPAN 23,General Cargo Ship,3845.0,2197.0,1990.0,St Kitts & Nevis,Philippines,Philippine Span Asia Carrier,Philippines,Philippine Span Asia Carrier,Philippine Span Asia Carrier,Philippines,Chittagong,Bangladesh,2024-01-01,,
8324024.0,LEGASPI,General Cargo Ship,1194.0,1506.0,1984.0,St Kitts & Nevis,Philippines,Racal Shipping Corp,Philippines,Racal Shipping Corp,Racal Shipping Corp,Philippines,Chittagong,Bangladesh,2024-02-01,,
8203646.0,SIA 32,General Cargo Ship,5503.0,2801.0,1982.0,St Kitts & Nevis,Philippines,Philippine Span Asia Carrier,Philippines,Philippine Span Asia Carrier,Philippine Span Asia Carrier,Philippines,Chittagong,Bangladesh,2024-05-01,,
8818752.0,SIA 3,General Cargo Ship,3845.0,2200.0,1989.0,St Kitts & Nevis,Philippines,Philippine Span Asia Carrier,Philippines,Philippine Span Asia Carrier,Philippine Span Asia Carrier,Philippines,Chittagong,Bangladesh,2024-05-01,,
8500068.0,SIA 2,General Cargo Ship,3120.0,1836.0,1985.0,St Kitts & Nevis,Philippines,Philippine Span Asia Carrier,Philippines,Philippine Span Asia Carrier,Philippine Span Asia Carrier,Philippines,Chittagong,Bangladesh,2024-05-01,,
8603535.0,SPAN 33,General Cargo Ship,3113.0,1826.0,1986.0,St Kitts & Nevis,Philippines,Philippine Span Asia Carrier,Philippines,Philippine Span Asia Carrier,Philippine Span Asia Carrier,Philippines,Chittagong,Bangladesh,2024-05-01,,
8500056.0,SPAN 30,General Cargo Ship,3120.0,1826.0,1985.0,St Kitts & Nevis,Philippines,Philippine Span Asia Carrier,Philippines,Philippine Span Asia Carrier,Philippine Span Asia Carrier,Philippines,Chittagong,Bangladesh,2024-05-01,,
8410378.0,PAN,General Cargo Ship,3120.0,1662.0,1984.0,St Kitts & Nevis,Philippines,Philippine Span Asia Carrier,Philippines,Philippine Span Asia Carrier,Philippine Span Asia Carrier,Philippines,Chittagong,Bangladesh,2024-07-01,,
7824613.0,SIA 30,General Cargo Ship,4226.0,2587.0,1979.0,St Kitts & Nevis,Philippines,Philippine Span Asia Carrier,Philippines,Philippine Span Asia Carrier,Philippine Span Asia Carrier,Philippines,Chittagong,Bangladesh,2024-07-01,,
8608444.0,SIA 20,General Cargo Ship,3277.0,1747.0,1987.0,St Kitts & Nevis,Philippines,Philippine Span Asia Carrier,Philippines,Philippine Span Asia Carrier,Philippine Span Asia Carrier,Philippines,Chittagong,Bangladesh,2024-07-01,,
8410392.0,SP 19,General Cargo Ship,3120.0,1664.0,1984.0,St Kitts & Nevis,Philippines,Philippine Span Asia Carrier,Philippines,Philippine Span Asia Carrier,Philippine Span Asia Carrier,Philippines,Chittagong,Bangladesh,2024-07-01,,
8611946.0,AN 11,General Cargo Ship,3236.0,1632.0,1987.0,St Kitts & Nevis,Philippines,Philippine Span Asia Carrier,Philippines,Philippine Span Asia Carrier,Philippine Span Asia Carrier,Philippines,Chittagong,Bangladesh,2024-07-01,,
9202089.0,SIA 21,General Cargo Ship,7541.0,3958.0,2000.0,St Kitts & Nevis,Philippines,Philippine Span Asia Carrier,Philippines,Philippine Span Asia Carrier,Philippine Span Asia Carrier,Philippines,Chittagong,Bangladesh,2024-08-01,,
9076351.0,ASIA 10,General Cargo Ship,4980.0,2610.0,1994.0,St Kitts & Nevis,Philippines,Philippine Span Asia Carrier,Philippines,Philippine Span Asia Carrier,Philippine Span Asia Carrier,Philippines,Chittagong,Bangladesh,2024-12-01,,
8914556.0,ASIA,Container Ship (Fully Cellular),7676.0,3729.0,1991.0,St Kitts & Nevis,Philippines,Philippine Span Asia Carrier,Philippines,Philippine Span Asia Carrier,Philippine Span Asia Carrier,Philippines,Alang,India,2024-09-01,,
6816970.0,7107 ISLANDS CRUISE,Passenger/Cruise,5113.0,0.0,1968.0,Philippines,,7107 Islands Cruise Corp,Philippines,7107 Islands Cruise Corp,7107 Islands Cruise Corp,Philippines,Manila,Philippines,2024-01-01,,
8121513.0,PLANETA,Buoy Tender,905.0,0.0,1982.0,Poland,,Szczecin Marine Board,Poland,Szczecin Marine Board,Szczecin Marine Board,Poland,Unknown,Unknown,2024-04-01,,
8707549.0,EFORIE,Passenger/Ro-Ro Ship (Vehicles/Rail),20621.0,11710.0,1991.0,Romania,,CFR Marfa Constanta,Romania,CFR Ferry Boat SA,CFR Ferry Boat SA,Romania,Aliaga,Turkey,2024-03-01,,
8513663.0,MANGALIA A,Passenger/Ro-Ro Ship (Vehicles/Rail),20621.0,11700.0,1988.0,Palau,Romania,CFR Marfa Constanta,Romania,CFR Ferry Boat SA,CFR Ferry Boat SA,Romania,Aliaga,Turkey,2024-03-01,,
7396666.0,MARZUK,General Cargo Ship,2592.0,1850.0,1974.0,Tanzania (Zanzibar),,United Marine Co Srl,Romania,Seahorse Maritime Srl,Marzuk Shipping Co Ltd SA,Panama,Aliaga,Turkey,2024-06-01,,
7733840.0,KONSHIN,General Cargo Ship,2478.0,1416.0,1978.0,St Kitts & Nevis,Russia,Amur Shipping Co JSC,Russia,Amur Shipping Co JSC,Amur Shipping Co JSC,Russia,Chittagong,Bangladesh,2024-01-01,,
8517841.0,PITA ERMA,General Cargo Ship,5998.0,3613.0,1986.0,St Kitts & Nevis,Russia,Amur Shipping Co JSC,Russia,Amur Shipping Co JSC,Amur Shipping Co JSC,Russia,Chittagong,Bangladesh,2024-04-01,,
9130157.0,MASALA,Container Ship (Fully Cellular),16542.0,7550.0,1998.0,Comoros,Liberia,FESCO,Russia,FESCO Ocean Management Ltd,Maslov Ltd,Russia,Chittagong,Bangladesh,2024-06-01,,
7229320.0,PROLIV LONGA,Fishing Vessel,1329.0,1271.0,1972.0,Vanuatu,Russia,Kamkorn & Co,Russia,Kamkorn & Co,Kamkorn & Co,Russia,Alang,India,2024-01-01,,
8898386.0,SAFE,General Cargo Ship,1528.0,890.0,1995.0,Togo,,Trans Line Co Ltd,Russia,Trade Bridge Inc Ltd,Sakura Shipping Ltd,Dominica,Alang,India,2024-02-01,,
8610265.0,SARCO,Fish Factory Ship,31949.0,16331.0,1989.0,St Kitts & Nevis,Russia,Dalmoreprodukt,Russia,Dalmoreprodukt,Dalmoreprodukt,Russia,Alang,India,2024-03-01,,
9168233.0,FESCO TRADER,Container Ship (Fully Cellular),12471.0,5113.0,1997.0,Panama,,FESCO,Russia,FESCO Ocean Management HK,Trader Shipping Ltd-HKG,Hong Kong,Alang,India,2024-05-01,,
7812024.0,FROST OLYMPOS,Refrigerated Cargo Ship,3835.0,2111.0,1980.0,Mongolia,Russia,Vladkristall Co Ltd,Russia,Vladkristall Co Ltd,Vladkristall Co Ltd,Russia,Alang,India,2024-05-01,,
7832945.0,HIRONIN,Fish Factory Ship,4457.0,3905.0,1980.0,St Kitts & Nevis,Russia,Vostokrybprom Ltd,Russia,Vostokrybprom Ltd,Vostokrybprom Ltd,Russia,Alang,India,2024-05-01,,
8518895.0,BALYUZEK,Refrigerated Cargo Ship,3634.0,2630.0,1986.0,Mongolia,Russia,Nakhodka Active Fishery,Russia,Nakhodka Active Fishery,Nakhodka Active Fishery,Russia,Alang,India,2024-06-01,,
8826424.0,VICTOR GAVRILOV,Fish Factory Ship,8289.0,5962.0,1990.0,Mongolia,Russia,V I Lenin Collective Farm,Russia,V I Lenin Collective Farm,V I Lenin Collective Farm,Russia,Alang,India,2024-06-01,,
8721856.0,OSSORA,Fishing Vessel,873.0,936.0,1988.0,Mongolia,Russia,Magadanryba,Russia,Magadanryba,Magadanryba,Russia,Alang,India,2024-08-01,,
8225711.0,BEREG MACHTY,Refrigerated Cargo Ship,12703.0,7264.0,1982.0,Tanzania (Zanzibar),Belize,RIMSCO,Russia,RIMSCO,Kasira Marine Ltd,Cyprus,Alang,India,2024-08-01,,
8832033.0,IVAN MOSHLYAK,Fishing Vessel,918.0,914.0,1990.0,Mongolia,Russia,Dalrybprom JSC,Russia,Dalrybprom JSC,Dalrybprom JSC,Russia,Alang,India,2024-09-01,,
7913622.0,DIVO,Fish Factory Ship,49367.0,26136.0,1980.0,Comoros,Russia,Pacific Marine Trawlers Co Ltd,Russia,Pacific Marine Trawlers Co Ltd,Pacific Marine Trawlers Co Ltd,Russia,Alang,India,2024-10-01,,
9120281.0,HUMPBACK WHALE,Fish Factory Ship,4407.0,3869.0,1994.0,Guinea False,Russia,Forpost LLC,Russia,Forpost LLC,Forpost LLC,Russia,Alang,India,2024-12-01,,
8228684.0,PORFIRIY CHANCHIBADZE,Fish Factory Ship,4407.0,3910.0,1984.0,Russia,,Soyuznyye Rybnyye Promysly,Russia,Soyuznyye Rybnyye Promysly,Soyuznyye Rybnyye Promysly,Russia,Alang,India,2024-12-01,,
8313879.0,BUKHTA NAGAEVA,Refrigerated Cargo Ship,3226.0,2353.0,1984.0,Eswatini False,Russia,MAG-SEA International,Russia,MAG-SEA International,MAG-SEA International,Russia,Gadani,Pakistan,2024-02-01,,
7330038.0,ERMAK,Icebreaker,14058.0,12687.0,1974.0,Russia,,Russia Govt,Russia,Rosmorport SPB Branch,Russia Govt,Russia,St Petersburg,Russia,2024-01-01,,
7643124.0,DIOMEDES,Fishing Vessel,825.0,944.0,1976.0,Russia,,Arcticservice,Russia,Arcticservice,Arcticservice,Russia,Murmansk,Russia,2024-05-01,,
8230120.0,SELENA,General Cargo Ship,2457.0,907.0,1970.0,Cameroon,,Yeya Shipping Ltd,Russia,Seatron Shipping Co Ltd,Solka Shipping Ltd,Seychelles,Aliaga,Turkey,2024-02-01,,
7612474.0,GAUJA,General Cargo Ship,1926.0,1284.0,1979.0,Cameroon,,Ingria Shipping Ltd,Russia,Ingria Shipping Ltd,Illyra AG,Marshall Islands,Aliaga,Turkey,2024-05-01,,
8726179.0,NEFTERUDOVOZ-52M,Ore/Oil Carrier,2615.0,1574.0,1985.0,Russia,,Metship Co Ltd,Russia,Metship Co Ltd,Metship Co Ltd,Russia,Aliaga,Turkey,2024-08-01,,
7941239.0,BARON,Ore/Oil Carrier,2615.0,1481.0,1980.0,Russia,,Metship Co Ltd,Russia,Metship Co Ltd,Atrio Group Ltd,"Virgin Islands, British",Aliaga,Turkey,2024-08-01,,
7119252.0,KRISTALL,Tank Cleaning Vessel,994.0,0.0,1972.0,Russia,,Gazpromneft Marine Bunker Ltd,Russia,Gazpromneft Marine Bunker Ltd,Gazpromneft Marine Bunker Ltd,Russia,Kerch,Ukraine,2024-02-01,,
9200392.0,HARMONY 1,Bulk Carrier,38646.0,10317.0,1999.0,Comoros,India,Dronfield Ltd,Samoa,Treasure Harvest Shipping Pvt,Treasure Harvest Shipping Pvt,India,Chittagong,Bangladesh,2024-10-01,,
7602106.0,AMANAH,Passenger/Ro-Ro Ship (Vehicles),19009.0,8996.0,1979.0,Saudi Arabia,,Nesma Holding Co Ltd,Saudi Arabia,Namma Shipping Lines,Namma International Trading,Saudi Arabia,Alang,India,2024-04-01,,
8314586.0,ATAR,Logistics Vessel (Naval Ro-Ro Cargo),16557.0,8920.0,1983.0,St Kitts & Nevis,Singapore,Kuo Fen Ching,Singapore,Singapore Govt Navy,Valour Offshore Marine Service,Singapore,Chittagong,Bangladesh,2024-05-01,,
8908765.0,PINE EXPRESS,Wood Chips Carrier,39145.0,9543.0,1990.0,Marshall Islands,,Nova Shipping & Logistics Pte,Singapore,Nova Shipping & Logistics Pte,Pine Express Pte Ltd,Singapore,Chittagong,Bangladesh,2024-06-01,,
9060247.0,SERENITY 1,Bulk Carrier,17430.0,6350.0,1994.0,Panama,,Feng Sea Shipping Pte Ltd,Singapore,Feng Sea Shipping Pte Ltd,Serenity Shipping Co Ltd-BVI,British Virgin Islands,Chittagong,Bangladesh,2024-09-01,,
9112557.0,IDM DOODLE,General Cargo Ship (with Ro-Ro facility),9992.0,4302.0,1995.0,Panama,,Rai A,Singapore,IDM Mana Pte Ltd,Mana Fonds Pte Ltd,Singapore,Alang,India,2024-06-01,,
6705432.0,DON LUCIANO,Fishing Vessel,648.0,0.0,1967.0,Argentina,,Irvin & Johnson Ltd,South Africa,Alpesca SA,Alpesca SA,Argentina,Mar del Plata,Argentina,2024-08-01,,
9141625.0,OCMIS GAR,General Cargo Ship,4150.0,2477.0,1997.0,Guinea-Bissau,,Ocmis Maritime SL,Spain,Hellenic Glamor Ship Mgmt LLC,Gar Maritime Co Ltd,Liberia,Alang,India,2024-05-01,,
9155406.0,OCMIS LEGENDS,General Cargo Ship,4115.0,2331.0,1998.0,Palau,,Ocmis Maritime SL,Spain,Legends Marine Navigation Co,Legends Marine Navigation Co,Liberia,Alang,India,2024-08-01,,
7710276.0,MONTECRUZ,Refrigerated Cargo Ship,2689.0,1457.0,1978.0,Panama,,CalvoPesca SA,Spain,CalvoPesca SA,Gestra Corp SA,Panama,Aliaga,Turkey,2024-08-01,,
8519382.0,LMS LAXAPANA,Products Tanker,1970.0,1205.0,1986.0,Sri Lanka,,Sri Lanka Shipping Co Ltd,Sri Lanka,Lanka Maritime Services Ltd,Lanka Maritime Services Ltd,Sri Lanka,Chittagong,Bangladesh,2024-03-01,,
9073062.0,MSC SOPHIE,Container Ship (Fully Cellular),37398.0,13616.0,1993.0,Panama,,MSC Mediterranean Shipping Co,Switzerland,MSC Mediterranean Shipping Co,Sophie Naviera Co SA,Panama,Alang,India,2024-01-01,,
9163192.0,MSC UMA,Container Ship (Fully Cellular),23722.0,10455.0,1998.0,Liberia,,MSC Mediterranean Shipping Co,Switzerland,MSC Mediterranean Shipping Co,Metis Oceanway Ltd,Liberia,Alang,India,2024-01-01,,
9190092.0,MSC EAGLE F,General Cargo Ship,12993.0,6878.0,2000.0,Liberia,,MSC Mediterranean Shipping Co,Switzerland,MSC Mediterranean Shipping Co,Skyeagle Oceanway Ltd,Liberia,Alang,India,2024-01-01,,
9051478.0,MSC JEMIMA,Container Ship (Fully Cellular),30971.0,12677.0,1994.0,Panama,,MSC Mediterranean Shipping Co,Switzerland,MSC Mediterranean Shipping Co,Jemima Marine Inc,Liberia,Alang,India,2024-01-01,,
9065443.0,MSC ROSSELLA,Container Ship (Fully Cellular),37398.0,13305.0,1993.0,Panama,,MSC Mediterranean Shipping Co,Switzerland,MSC Mediterranean Shipping Co,Rossella Maritime Inc,Liberia,Alang,India,2024-03-01,,
9051492.0,MSC NILGUN,Container Ship (Fully Cellular),30971.0,12553.0,1994.0,Panama,,MSC Mediterranean Shipping Co,Switzerland,MSC Mediterranean Shipping Co,Nilgun Maritime Inc,Liberia,Alang,India,2024-04-01,,
8918057.0,MSC GRACE F,General Cargo Ship,13258.0,7555.0,1991.0,Panama,,MSC Mediterranean Shipping Co,Switzerland,MSC Mediterranean Shipping Co,Grace Oceanway Ltd,Liberia,Alang,India,2024-06-01,,
8201624.0,MSC IRIS,Container Ship (Fully Cellular),21586.0,10655.0,1982.0,Panama,,MSC Mediterranean Shipping Co,Switzerland,MSC Mediterranean Shipping Co,Iris Oceanway Ltd,Liberia,Alang,India,2024-07-01,,
8521402.0,MSC ANNAMARIA,Container Ship (Fully Cellular),21633.0,8805.0,1987.0,Panama,,MSC Mediterranean Shipping Co,Switzerland,MSC Mediterranean Shipping Co,Annamaria Oceanway Ltd,Liberia,Alang,India,2024-08-01,,
9057173.0,MSC AGATA II,Container Ship (Fully Cellular),16202.0,7364.0,1994.0,Liberia,,MSC Mediterranean Shipping Co,Switzerland,MSC Mediterranean Shipping Co,Agata Oceanway Ltd,Liberia,Alang,India,2024-09-01,,
8413875.0,MSC GABRIELLA,Container Ship (Fully Cellular),21887.0,8911.0,1985.0,Panama,,MSC Mediterranean Shipping Co,Switzerland,MSC Mediterranean Shipping Co,Gabriella Oceanway Ltd,Liberia,Alang,India,2024-09-01,,
8512906.0,MSC ADELE,Container Ship (Fully Cellular),21633.0,8779.0,1986.0,Panama,,MSC Mediterranean Shipping Co,Switzerland,MSC Mediterranean Shipping Co,Adele Oceanway Ltd,Liberia,Alang,India,2024-10-01,,
8201648.0,MSC EYRA,Container Ship (Fully Cellular),21586.0,10655.0,1982.0,Panama,,MSC Mediterranean Shipping Co,Switzerland,MSC Mediterranean Shipping Co,Eyra Oceanway Ltd,Liberia,Alang,India,2024-10-01,,
9129873.0,MSC ALEXA,Container Ship (Fully Cellular),42307.0,16228.0,1996.0,Panama,,MSC Mediterranean Shipping Co,Switzerland,MSC Mediterranean Shipping Co,Abilear Corp,Panama,Alang,India,2024-10-01,,
9129885.0,MSC RAFAELA,Container Ship (Fully Cellular),42307.0,16024.0,1996.0,Panama,,MSC Mediterranean Shipping Co,Switzerland,MSC Mediterranean Shipping Co,Jacinia Holdings Inc,Panama,Alang,India,2024-11-01,,
8512891.0,MSC AUGUSTA,Container Ship (Fully Cellular),21648.0,8797.0,1986.0,Panama,,MSC Mediterranean Shipping Co,Switzerland,MSC Mediterranean Shipping Co,Augusta Oceanway Ltd,Liberia,Alang,India,2024-12-01,,
8401133.0,MAESTRO SUN,Ro-Ro Cargo Ship,15375.0,5200.0,1986.0,Marshall Islands,,Maestro Shipping SA,Switzerland,Maestro Shipping SA,Sun Inc,Marshall Islands,Aliaga,Turkey,2024-01-01,,
8201636.0,MSC MALIN,Container Ship (Fully Cellular),21586.0,10655.0,1982.0,Panama,,MSC Mediterranean Shipping Co,Switzerland,MSC Mediterranean Shipping Co,Malin Oceanway Ltd,Liberia,Aliaga,Turkey,2024-11-01,,
7374448.0,YONG FENG,Products Tanker,3738.0,2055.0,1975.0,Cameroon,St Kitts & Nevis,Unknown,Taiwan,Smile Winner Co Ltd,Smile Winner Co Ltd,Samoa,Chittagong,Bangladesh,2024-01-01,,
8025848.0,MENT 1,Cement Carrier,3917.0,2234.0,1980.0,St Kitts & Nevis,Taiwan,U-Ming Marine Transport Corp,Taiwan,U-Ming Marine Transport Corp,U-Ming Marine Transport Corp,Taiwan,Chittagong,Bangladesh,2024-05-01,,
9168855.0,URANUS,Container Ship (Fully Cellular),69246.0,24328.0,1999.0,Comoros,Panama,Evergreen Marine Corp,Taiwan,Evergreen Marine Corp,Greencompass Marine SA,Panama,Alang,India,2024-07-01,,
8122385.0,VIVA,Refrigerated Cargo Ship,3574.0,2188.0,1982.0,St Kitts & Nevis,Panama,Hua Fu Intl Group SA,Taiwan,Hua Fu Intl Group SA,Viva Marine SA,Panama,Alang,India,2024-07-01,,
9130585.0,UNI III,Container Ship (Fully Cellular),14807.0,7099.0,1999.0,Comoros,Panama,Evergreen Marine Corp,Taiwan,Evergreen Marine Corp,Gaining Enterprise SA,Panama,Alang,India,2024-10-01,,
9130597.0,SURE,Container Ship (Fully Cellular),14807.0,7099.0,1999.0,Togo,Panama,Evergreen Marine Corp,Taiwan,Evergreen Marine Corp,Gaining Enterprise SA,Panama,Aliaga,Turkey,2024-07-01,,
9016832.0,THARERATANA 1,Products Tanker,997.0,739.0,1990.0,Thailand,,Bangkok Bank,Thailand,BSL Leasing Co Ltd,BSL Leasing Co Ltd,Thailand,Chittagong,Bangladesh,2024-04-01,,
8819225.0,INTER STEVEDORING 8,"Bulk Carrier, Self-discharging",36540.0,11014.0,1989.0,Thailand,,Double A Power Group,Thailand,Highland Maritime Co Ltd,National Power Plant 3 Co Ltd,Thailand,Chittagong,Bangladesh,2024-05-01,,
8822258.0,PILATUS 21,LPG Tanker,933.0,890.0,1989.0,Thailand,,Pilatas Marine PCL,Thailand,Pilatas Marine PCL,Pilatas Marine PCL,Thailand,Chittagong,Bangladesh,2024-05-01,,
7904061.0,WILSON,Products Tanker,724.0,0.0,1979.0,Cameroon,Thailand,PK Group of Companies,Thailand,PC Marine 1992 Co Ltd,PC Marine 1992 Co Ltd,Thailand,Chittagong,Bangladesh,2024-05-01,,
8805822.0,PK 10,Products Tanker,1014.0,725.0,1988.0,Tanzania (Zanzibar),,Big Sea Co Ltd,Thailand,Big Sea Co Ltd,Big Sea Co Ltd,Thailand,Chittagong,Bangladesh,2024-10-01,,
8816998.0,THAILAEMTHONG 3,Products Tanker,1042.0,0.0,1988.0,Thailand,,Thailaemthong Supply,Thailand,Thailaemthong Fishery,Thailaemthong Fishery,Thailand,Chittagong,Bangladesh,2024-11-01,,
9145695.0,YILDIZLAR 2,Wood Chips Carrier,40328.0,10347.0,1996.0,Turkey,,Pasifik Lojistik Grubu,Turkey,Yildizlar Deniz Isletmeciligi,Yildizlar Deniz Isletmeciligi,Turkey,Chittagong,Bangladesh,2024-03-01,,
9108257.0,DENAK VOYAGER,Bulk Carrier,37663.0,9518.0,1996.0,Turkey,,Colakoglu Metalurji AS,Turkey,Denak Ship Management & Agency,Denak Ship Management & Agency,Turkey,Chittagong,Bangladesh,2024-04-01,,
9116319.0,NAHIDE-M,Bulk Carrier,18108.0,6984.0,1995.0,Panama,,Iskenderun Gemi Isletmeciligi,Turkey,Iskenderun Gemi Isletmeciligi,Yellow Funnel Shipping Ltd-MAI,Marshall Islands,Chittagong,Bangladesh,2024-08-01,,
8811390.0,IPEK,General Cargo Ship,12930.0,6751.0,2001.0,St Kitts & Nevis,Panama,Ozguclu A,Turkey,Oba Shipping Inc,Oba Shipping Inc,Turkey,Chittagong,Bangladesh,2024-09-01,,
9087233.0,FATMA SARI,Bulk Carrier,25503.0,8013.0,1994.0,Turkey,,Nazli Denizcilik Ltd Sti,Turkey,T ve O Denizcilik Ltd Sti,Nazli Denizcilik Ltd Sti,Turkey,Chittagong,Bangladesh,2024-11-01,,
9110901.0,ELA,Bulk Carrier,20837.0,8957.0,1996.0,Panama,Malta,Gamma Denizcilik Nakliyat,Turkey,Gamma Denizcilik Nakliyat,Epsilon Marine Co Ltd,Malta,Alang,India,2024-09-01,,
9106467.0,CASABLANCA A,Container Ship (Fully Cellular),8633.0,4666.0,1996.0,Morocco,,Arkas Holding AS,Turkey,Arkas Denizcilik ve Nakliyat,Maroc Feedering SA,Morocco,Aliaga,Turkey,2023-12-01,,
7816147.0,AMANOS,General Cargo Ship,1589.0,0.0,1978.0,Tanzania (Zanzibar),Palau,Bromarine Nakliyat ve Ticaret,Turkey,Bromarine Nakliyat ve Ticaret,Concorde Shipping Ltd,Marshall Islands,Aliaga,Turkey,2024-02-01,,
7429322.0,KALELI ANA,General Cargo Ship,3936.0,1700.0,1976.0,Comoros,,Caferoglu Denizcilik,Turkey,Caferoglu Denizcilik,Black Sea Maritime Ltd-MAI,Marshall Islands,Aliaga,Turkey,2024-04-01,,
8101537.0,AYHANLAR,General Cargo Ship,2765.0,0.0,1982.0,Turkey,,Ayhanlar Denizcilik Madencilik,Turkey,Ayhanlar Denizcilik Madencilik,Ayhanlar Denizcilik Madencilik,Turkey,Aliaga,Turkey,2024-04-01,,
7808097.0,NANDA C,General Cargo Ship,998.0,697.0,1981.0,Comoros,,CAKA Denizcilik Ltd,Turkey,Nanda Shipping Co,Nanda Shipping Co,Marshall Islands,Aliaga,Turkey,2024-05-01,,
6720066.0,CAGSAN,General Cargo Ship,954.0,840.0,1967.0,Turkey,,Savas Denizcilik,Turkey,Savas Denizcilik,Savas Denizcilik,Turkey,Aliaga,Turkey,2024-07-01,,
8125167.0,GUNDOGDU 1,General Cargo Ship,1598.0,0.0,1984.0,Turkey,,Arel Denizcilik Ticaret,Turkey,Arel Denizcilik Ticaret,Ada Denizcilik Fikri Akin,Turkey,Aliaga,Turkey,2024-08-01,,
8132598.0,KUDRET GEZER,General Cargo Ship,942.0,0.0,1979.0,Vanuatu,,Su Deryasi Denizcilik ve Tic,Turkey,Su Deryasi Denizcilik ve Tic,Su Deryasi Denizcilik ve Tic,Turkey,Aliaga,Turkey,2024-08-01,,
8811405.0,MUSA OBA,General Cargo Ship,12930.0,6769.0,2002.0,Panama,,Ozguclu A,Turkey,Hakan Shipping Inc,Hakan Shipping Inc,Marshall Islands,Aliaga,Turkey,2024-09-01,,
8970615.0,NAZIM IMAMOGLU,General Cargo Ship,978.0,0.0,1993.0,Turkey,,Dogru Denizcilik Brokerlik,Turkey,Dogru Denizcilik Brokerlik,Dogru Denizcilik Brokerlik,Turkey,Aliaga,Turkey,2024-11-01,,
7905649.0,MARIS 1,General Cargo Ship,2806.0,0.0,1989.0,Turkey,,Altay Maris Denizcilik Tas Hiz,Turkey,Altay Maris Denizcilik Tas Hiz,Altay Maris Denizcilik Tas Hiz,Turkey,Aliaga,Turkey,2024-11-01,,
9107679.0,ONE VICTORY,Bulk Carrier,26250.0,7685.0,1996.0,Panama,,Yasin GH,Ukraine,One Navigation Denizcilik AS,One Victory Corp,Marshall Islands,Chittagong,Bangladesh,2024-04-01,,
8865987.0,MILA,General Cargo Ship,2894.0,1581.0,1972.0,Togo,,Black Sea Shipping Management,Ukraine,Argo Shipping Co,Excelsior Shipping & Trading,Panama,Aliaga,Turkey,2024-09-01,,
8947620.0,FETIDA,General Cargo Ship,1866.0,750.0,1964.0,Moldova,,Poseidon Shipping Ltd-UKE,Ukraine,Poseidon Shipping Ltd-UKE,Poliservis,Ukraine,Aliaga,Turkey,2024-10-01,,
8311560.0,SUKRU OKAN,General Cargo Ship,2155.0,0.0,1989.0,Palau,,Kaalbye Shipping,Ukraine,OG Shipping Ltd,OG Shipping Ltd,Marshall Islands,Aliaga,Turkey,2024-10-01,,
8981080.0,MANCHESTER,General Cargo Ship,1652.0,0.0,1964.0,Ukraine,,Argo Shipping Co,Ukraine,Argo Shipping Co,CAS Shipping Ltd,St Vincent & The Grenadines,Aliaga,Turkey,2024-10-01,,
8723256.0,MANGUP,Fishing Vessel,2399.0,1736.0,1986.0,Unknown,,Linart Ltd,Ukraine,Linart Ltd,Linart Ltd,Ukraine,Aliaga,Turkey,2024-11-01,,
8965165.0,LIVERPOOL,General Cargo Ship,1837.0,0.0,1963.0,Comoros,Ukraine,Triton Fuels Ukraine,Ukraine,Triton Fuels Ukraine,United Trade Group Ltd,United States Of America,Aliaga,Turkey,2024-11-01,,
9278521.0,LILA NANTONG,Bulk Carrier,87590.0,23982.0,2003.0,Liberia,,Lila Global Ltd,United Arab Emirates,Lila Global Ltd,Essa Investments Ltd,Liberia,Chittagong,Bangladesh,2024-02-01,,
9190377.0,SIA,Bulk Carrier,40489.0,12605.0,1999.0,Liberia,,Lila Global Ltd,United Arab Emirates,Lexi Shipping Ltd,Lexi Shipping Ltd,Liberia,Chittagong,Bangladesh,2024-02-01,,
9138496.0,JULE,Bulk Carrier,38338.0,9726.0,1997.0,Panama,,Lila Global Ltd,United Arab Emirates,Mar Holding Ltd,Mar Holding Ltd,Liberia,Chittagong,Bangladesh,2024-11-01,,
9146285.0,SOL,Container Ship (Fully Cellular),8299.0,3870.0,1997.0,St Kitts & Nevis,Panama,Transworld Group,United Arab Emirates,Providence Ship Management IND,Liberty Navigation S Pte Ltd,United Arab Emirates,Alang,India,2024-01-01,,
7382988.0,ASPHALT PRINCESS,Asphalt/Bitumen Tanker,5746.0,3271.0,1976.0,Panama,,Prime Tankers LLC,United Arab Emirates,Glory International FZ-LLC,Asphalt Princess Shipping,Panama,Alang,India,2024-04-01,,
9217034.0,DELHI,Container Ship (Fully Cellular),25369.0,10669.0,2000.0,St Kitts & Nevis,India,Transworld Group,United Arab Emirates,Orient Express Lines Inc,Transworld Shipping Lines Ltd,India,Gadani,Pakistan,2024-01-01,,
9255012.0,WANG HAI,Bulk Carrier,88856.0,23039.0,2003.0,Liberia,,Lila Global Ltd,United Arab Emirates,Kyra Global Marine Services,Essa Investments Ltd,Liberia,Gadani,Pakistan,2024-02-01,,
9108659.0,OSCAR 1,General Cargo Ship,6641.0,2620.0,1995.0,Comoros,Togo,Oscar Dubai Shipping SA,United Arab Emirates,Oscar Middle East Ship Mgmt,Oscar Dubai Shipping SA,Honduras,Gadani,Pakistan,2024-03-01,,
8901808.0,QATAR ANA,Bulk Carrier,25891.0,8015.0,1989.0,Panama,,Al Khalejia Aggregates FZE,United Arab Emirates,Al Khalejia Aggregates FZE,Al Khalejia Marine Inc,Panama,Gadani,Pakistan,2024-03-01,,
9221229.0,VENIA,Bulk Carrier,87497.0,23118.0,2001.0,St Kitts & Nevis,Liberia,Lila Global Ltd,United Arab Emirates,Hermes Maritime Services Pvt,Neptune Seaway Ltd,Liberia,Gadani,Pakistan,2024-10-01,,
9007295.0,PRIDE OF CANTERBURY,Passenger/Ro-Ro Ship (Vehicles),30635.0,10385.0,1991.0,St Kitts & Nevis,,P&O,United Arab Emirates,P&O Ferries Ltd,P&O Ferries Ltd,United Kingdom,Aliaga,Turkey,2024-01-01,,
8811766.0,TOMSON GAS,LPG Tanker,3219.0,1991.0,1989.0,Panama,,Jmukhadze T,United Kingdom,Marine Shipping Line FZE,Zack Shipping SA,Panama,Alang,India,2024-01-01,,
7900596.0,CAPT. OSAMA,General Cargo Ship,9232.0,4326.0,1981.0,St Kitts & Nevis,Palau,Jaohar Group Ltd,United Kingdom,Cape Cruise Marine Ltd,Cape Cruise Marine Ltd,Liberia,Alang,India,2024-10-01,,
7814448.0,DILIGENCE,Work/Repair Vessel,8048.0,0.0,1981.0,Unknown,,United Kingdom Govt,United Kingdom,United Kingdom Govt CRFA,United Kingdom Govt,United Kingdom,Aliaga,Turkey,2024-04-01,,
8404501.0,ASTRID,Fishing Vessel,3413.0,0.0,1985.0,Belize,,Astrid Shipping Co Ltd-GBI,United Kingdom,Astrid Shipping Co Ltd-GBI,Astrid Shipping Co Ltd-GBI,United Kingdom,Aliaga,Turkey,2024-06-01,,
9114153.0,KONSTANTINOS,Bulk Carrier,25503.0,7979.0,1995.0,Panama,,MKM Chartering Inc,United States Of America,Mega Shipping Ltd,Konstantinos Shiptrade Inc,Marshall Islands,Chittagong,Bangladesh,2024-02-01,,
7528843.0,PIONEER,Pollution Control Vessel,1058.0,1348.0,1978.0,St Kitts & Nevis,United States of America,Resolve Marine Group Inc,United States of America,Resolve Pioneer LLC,Resolve Pioneer LLC,United States of America,Chittagong,Bangladesh,2024-07-01,,
8836273.0,GORDON,Fish Factory Ship,4807.0,2756.0,1943.0,St Kitts & Nevis,United States Of America,Icicle Seafoods Inc,United States Of America,Icicle Seafoods Inc,Coastal Star,United States Of America,Alang,India,2024-07-01,,
8751368.0,CEAN,"Drilling Rig, semi Submersible",21192.0,21963.0,1974.0,St Kitts & Nevis,Marshall Islands,Loews Corp,United States Of America,Niko Resources Ltd,Diamond Offshore Services Co,United States Of America,Alang,India,2024-11-01,,
7907647.0,FLIPPER,Ro-Ro Cargo Ship,4688.0,2013.0,1980.0,Sao Tome & Principe,Panama,Devon Shipping Inc,United States Of America,Fleet-In SA,Devon Shipping Inc,United States Of America,Aliaga,Turkey,2024-07-01,,
7325629.0,DIAMOND XI,Accommodation Ship,8282.0,4215.0,1974.0,Portugal (Mar),,Sunstone Ships Inc,United States Of America,Sunstone Ships Inc,Diamond Cruise Partners,Portugal,Aliaga,Turkey,2024-08-01,,
8220773.0,PAUL BUCK,Replenishment Tanker,21471.0,9028.0,1985.0,United States Of America,,United States Govt,United States Of America,United States Govt MARAD,United States Govt MARAD,United States Of America,Brownsville,United States of America,2024-02-01,,
8310097.0,SAMUEL L. COBB,Replenishment Tanker,21471.0,9055.0,1985.0,United States Of America,,United States Govt,United States Of America,United States Govt MARAD,United States Govt MARAD,United States Of America,Brownsville,United States of America,2024-02-01,,
8310102.0,RICHARD G. MATTHIESEN,Replenishment Tanker,21471.0,9485.0,1986.0,United States Of America,,United States Govt,United States Of America,United States Govt MARAD,United States Govt MARAD,United States Of America,Brownsville,United States of America,2024-02-01,,
8314158.0,LAWRENCE H. GIANELLA,Replenishment Tanker,21471.0,7211.0,1986.0,United States Of America,,United States Govt,United States Of America,United States Govt MSC,United States Govt MSC,United States Of America,Brownsville,United States of America,2024-04-01,,
5144485.0,CAPE JUBY,General Cargo Ship,12929.0,0.0,1962.0,United States Of America,,United States Govt,United States Of America,United States Govt MARAD,United States Govt MARAD,United States Of America,Brownsville,United States of America,2024-05-01,,
7823463.0,PFC. EUGENE A. OBREGON,Logistics Vessel (Naval Ro-Ro Cargo),45408.0,26965.0,1982.0,United States Of America,,United States Govt,United States Of America,United States Govt MSC,United States Govt MSC,United States Of America,Brownsville,United States of America,2024-06-01,,
7702762.0,ANDREW J. BARBERI,Passenger Ship,3335.0,0.0,1981.0,United States Of America,,New York City,United States Of America,New York City Transportation,New York City Transportation,United States Of America,Staten Island,United States of America,2024-09-01,,
7912123.0,MAJ. STEPHEN W. PLESS,Logistics Vessel (Naval Ro-Ro Cargo),45408.0,27031.0,1983.0,United States Of America,,United States Govt,United States Of America,United States Govt MSC,United States Govt MSC,United States Of America,Brownsville,United States of America,2024-11-01,,
8511495.0,WALTER S. DIEHL,Replenishment Tanker,20706.0,15735.0,1988.0,United States Of America,,United States Govt,United States Of America,United States Govt MSC,United States Govt MSC,United States Of America,Brownsville,United States of America,2024-12-01,,
7906837.0,ZION FALGOUT,Pusher Tug,675.0,0.0,1979.0,United States Of America,,Falgout Bros LLC,United States Of America,Global Towing Service LLC,Zion Falgout LLC,United States Of America,Unknown,Unknown,2024-03-01,,
9077903.0,WADI S,Bulk Carrier,37550.0,10247.0,1994.0,Comoros,,Unknown,Unknown,Kiva Marine Ltd-MAI,Tudor Maritime Ltd,Marshall Islands,Chittagong,Bangladesh,2024-02-01,,
9258105.0,ZEUS ONE,Bulk Carrier,88494.0,21364.0,2002.0,Liberia,,Unknown,Unknown,Athena Shipping Pte Ltd,Zeus Marine Ltd-LIB,Liberia,Chittagong,Bangladesh,2024-02-01,,
9144029.0,GOLD BRIDGE,Bulk Carrier,25537.0,7197.0,1998.0,Panama,,Unknown,Unknown,Kind Glory Shipping Co Ltd,DV Marine Ltd,Marshall Islands,Chittagong,Bangladesh,2024-11-01,,
9051741.0,RUN DE,General Cargo Ship,5782.0,3058.0,1993.0,Unknown,,Unknown,Unknown,Run De Shipping Co Ltd,Run De Shipping Co Ltd,Hong Kong,Guayaquil,Ecuador,2024-05-01,,
8402670.0,ACE 1,General Cargo Ship,998.0,0.0,1984.0,Unknown,,Unknown,Unknown,Unknown,Unknown,Unknown,Unknown,France,2024-02-01,,
5427784.0,WHITE PALM,Pilot Vessel,781.0,762.0,1963.0,Sao Tome & Principe False,Sierra Leone,Unknown,Unknown,Nemsa Services Ltd,Nemsa Services Ltd,British Virgin Islands,Alang,India,2023-12-01,,
9270804.0,ONYX 1,Container Ship (Fully Cellular),21932.0,10643.0,2004.0,Panama,,Unknown,Unknown,SIS Ship Charter LLC,Great Star Vision Ltd,"Virgin Islands, British",Alang,India,2024-01-01,,
8902838.0,AT MIDDLE BRIDGE,General Cargo Ship (with Ro-Ro facility),7624.0,3406.0,1989.0,Togo,,Unknown,Unknown,Middle Bridge Maritime Ltd-LIB,Middle Bridge Maritime Ltd-LIB,Liberia,Alang,India,2024-01-01,,
8826199.0,VILIGA,Fishing Vessel,776.0,807.0,1989.0,Mongolia,,Unknown,Unknown,Trade Bridge Inc Ltd,Trade Bridge Inc Ltd,Hong Kong ,Alang,India,2024-01-01,,
9539559.0,HASAN,General Cargo Ship,6524.0,3174.0,2009.0,Unknown,,Unknown,Unknown,Onal Gemi Isletmeciligi Sanayi,Bramco Shipping Ltd-MAI,Marshall Islands,Alang,India,2024-02-01,,
7610270.0,ALJAMIL,General Cargo Ship,4286.0,2128.0,1977.0,Comoros,Guyana,Unknown,Unknown,IMS Hellenic Co,Jamil Shipping Co SA,Belize,Alang,India,2024-03-01,,
9074030.0,NEW COURAGE,General Cargo Ship,8145.0,4426.0,1994.0,Panama,,Unknown,Unknown,Rightway Shipping Services,Starryway Co Ltd,Hong Kong,Alang,India,2024-05-01,,
8914697.0,UNITED ID,Bulk Carrier,22147.0,7173.0,1991.0,Palau,,Unknown,Unknown,Overseas Marine Ltd,Rising ID Martime Ltd,Marshall Islands,Alang,India,2024-06-01,,
9135535.0,RUDA,General Cargo Ship (Open Hatch),20398.0,5728.0,1996.0,Comoros,Panama,Unknown,Unknown,Fuwan Ship Management Co Ltd,Ruida Marine Co Ltd,Hong Kong,Alang,India,2024-08-01,,
9115092.0,ANDULUS 1,Bulk Carrier,16715.0,6064.0,1995.0,St Kitts & Nevis,,Unknown,Unknown,VRS Maritime Services Ltd,Andulus Marine Shipping Co,Marshall Islands,Alang,India,2024-10-01,,
8307947.0,TANA,General Cargo Ship,18977.0,7215.0,1985.0,St Kitts & Nevis,Sierra Leone,Unknown,Unknown,Delphina Shiptrade SA,Delphina Shiptrade SA,Marshall Islands,Alang,India,2024-10-01,,
7915307.0,ALI A,General Cargo Ship,4913.0,2578.0,1980.0,Togo,,Unknown,Unknown,Ammoun Shipping Co,Khaled Shipping Co,Liberia,Alang,India,2024-11-01,,
9014119.0,SOFI,Container Ship (Fully Cellular),8570.0,3732.0,1992.0,Comoros,Palau,Unknown,Unknown,Reel Shipping LLC,Ebro Shipping Inc,Marshall Islands,Alang,India,2024-11-01,,
8806905.0,MAHER,Heavy Load Carrier,6953.0,3519.0,1990.0,Tanzania (Zanzibar),,Unknown,Unknown,Hartland Marine Ltd,Westfield Marine Ltd,Liberia,Alang,India,2024-11-01,,
7812036.0,NEW SKY,Refrigerated Cargo Ship,3835.0,2410.0,1980.0,Dominica,,Unknown,Unknown,Poseidon Shipmanagement LLC,GC Shipping LP,United Kingdom,Alang,India,2024-12-01,,
8520202.0,SEAGRAND,General Cargo Ship,5998.0,3320.0,1986.0,Mongolia,,Unknown,Unknown,Cabotage Service Co Ltd-RUS,Rupa Holdings Co Ltd,Thailand,Alang,India,2024-12-01,,
8512865.0,PRINCE 4,Bulk Carrier,7110.0,2860.0,1986.0,Comoros,,Unknown,Unknown,Individual Shipping Ltd,Massa Shipping Co,Marshall Islands,Alang,India,2024-12-01,,
6724737.0,RIO 4,Trailing Suction Hopper Dredger,569.0,0.0,1967.0,Netherlands,,Unknown,Unknown,Unknown,Unknown,Unknown,Kampen,Netherlands,2024-03-01,,
7710501.0,SUNNFJORD,Passenger/Ro-Ro Ship (Vehicles),855.0,0.0,1978.0,Norway,,Unknown,Unknown,Fosen Gjenvining,Fosen Gjenvining,Norway,Stokksund,Norway,2024-03-01,,
9166417.0,BRAD,Crude Oil Tanker,56076.0,16368.0,1999.0,St Kitts & Nevis,,Unknown,Unknown,Global Tech Marine Services,Hallbar Ltd,British Virgin Islands,Gadani,Pakistan,2024-03-01,,
9047087.0,ALPS,Bulk Carrier,38136.0,10191.0,1994.0,Panama,,Unknown,Unknown,Shunping International Shpg,Evertop International Shipping,United Kingdom,Gadani,Pakistan,2024-06-01,,
9071624.0,SEA OF WAVES,General Cargo Ship,1589.0,1037.0,1993.0,Comoros,,Unknown,Unknown,Neuship Trade & Shipping Co,Eminent Shipping & Marine Co,British Virgin Islands,Gadani,Pakistan,2024-08-01,,
7422049.0,EL YOUSSEF,General Cargo Ship,2998.0,0.0,1975.0,Lebanon,,Unknown,Unknown,Unknown,Unknown,Unknown,Aliaga,Turkey,2024-02-01,,
8421705.0,BLUE STAR,General Cargo Ship,1543.0,846.0,1986.0,Panama,,Unknown,Unknown,Sea Group Trading Company SA,Sea Group Trading Company SA,Panama,Aliaga,Turkey,2024-06-01,,
7528790.0,ISLAND BAY,General Cargo Ship,4647.0,2881.0,1984.0,Togo,,Unknown,Unknown,Star Ship Services SA,Island Bay Maritime SA,Honduras,Aliaga,Turkey,2024-08-01,,
8857693.0,NEW WAY,General Cargo Ship,2457.0,1203.0,1969.0,Cameroon,,Unknown,Unknown,Guron Ltd,Guron Ltd,Seychelles,Aliaga,Turkey,2024-09-01,,
8607660.0,LADY BOUSHRA,General Cargo Ship,2854.0,1280.0,1988.0,Tanzania (Zanzibar),,Unknown,Unknown,Unknown,Unknown,Unknown,Aliaga,Turkey,2024-09-01,,
8315499.0,COMETA,General Cargo Ship,1860.0,977.0,1984.0,Cameroon,Syria,Unknown,Unknown,RostShipService Ltd,Pawell Shipping Co LLP,United Kingdom,Aliaga,Turkey,2024-12-01,,
8319976.0,GELIBOLU 2,General Cargo Ship,997.0,635.0,1984.0,Cameroon,,Unknown,Unknown,Gelibolu Shipping & Management,Gelibolu Shipping & Management,Marshall Islands,Unknown,Unknown,2024-11-01,,
8915914.0,LUCKY OCEAN NO. 1,Fishing Vessel,587.0,0.0,1990.0,Vanuatu,,Full Ocean Fishery Co Ltd,Vanuatu,Full Ocean Fishery Co Ltd,Full Ocean Fishery Co Ltd,Vanuatu,Busan,Korea (South),2024-03-01,,
8619807.0,ALBAMAR I,Fishing Vessel,1316.0,1160.0,1988.0,Venezuela,,Empresa Mixta Socialista,Venezuela,Empresa Mixta Socialista,Empresa Mixta Socialista,Venezuela,Cumana,Venezuela,2024-07-01,,
,,,5665320.0,,,,,,,,,,,,,,
